state_time,accelx,accely,accelz,gyrox,gyroy,gyroz,mot_ang,mot_vel,mot_acc,mot_cur,mot_volt,batt_volt,batt_curr,temperature,status_mn,status_ex,status_re,genvar_0,genvar_1,genvar_2,genvar_3,genvar_4,genvar_5,genvar_6,genvar_7,genvar_8,genvar_9,ank_ang,ank_vel,sys_time,event flags
1732333,-724,-928,-8074,-3,14,6,-16779,-5,1,1,0,175,-19,34,144,0,6,0,0,0,0,0,0,-32290,0,0,0,0,0,1664,0
1732338,-690,-902,-8078,-3,17,12,-16778,1,2,0,0,175,-19,34,144,0,6,0,0,0,0,0,0,-32290,0,0,0,0,0,1732338,0
1732343,-720,-938,-8080,-6,16,8,-16780,-5,-4,1,0,175,-16,34,144,0,6,0,0,0,0,0,0,-32290,0,0,0,0,0,1732343,0
1732348,-704,-920,-8062,0,13,8,-16778,-4,0,1,0,175,-16,34,144,0,6,0,0,0,0,0,0,-32290,0,0,0,0,0,1732348,0
1732353,-722,-954,-8060,-3,16,9,-16779,-1,-2,-1,0,176,-30,34,144,0,6,0,0,0,0,0,0,-32290,0,0,0,0,0,1732354,0
1732358,-732,-948,-8076,0,13,13,-16778,2,3,-5,0,176,-30,34,144,0,6,0,0,0,0,0,0,-32290,0,0,0,0,0,1732357,0
1732363,-772,-964,-8082,3,17,12,-16778,2,-1,-1,0,180,-53,34,144,0,6,0,0,0,0,0,0,-32290,0,0,0,0,0,1732362,0
1732368,-726,-944,-8088,-1,16,6,-16780,-4,3,1,0,180,-53,34,144,0,6,0,0,0,0,0,0,-32290,0,0,0,0,0,1732367,0
1732373,-732,-946,-8094,-1,15,9,-16779,0,-2,2,0,182,-46,34,144,0,6,0,0,0,0,0,0,-32290,0,0,0,0,0,1732372,0
1732378,-746,-980,-8080,-1,15,9,-16778,6,-1,1,0,182,-46,34,144,0,6,0,0,0,0,0,0,-32291,0,0,0,0,0,1732377,0
1732383,-756,-948,-8086,-1,15,6,-16778,0,2,0,0,181,-37,34,144,0,6,0,0,0,0,0,0,-32290,0,0,0,0,0,1732382,0
1732388,-744,-944,-8068,0,13,10,-16778,4,0,1,0,181,-37,34,144,0,6,0,0,0,0,0,0,-32290,0,0,0,0,0,1732387,0
1732393,-738,-976,-8064,-2,17,12,-16780,-9,-3,1,0,177,-21,34,144,0,6,0,0,0,0,0,0,-32290,0,0,0,0,0,1732392,0
1732398,-754,-970,-8064,2,14,9,-16779,-4,-3,0,0,177,-21,34,144,0,6,0,0,0,0,0,0,-32290,0,0,0,0,0,1732397,0
1732403,-744,-958,-8068,0,13,16,-16779,0,-2,1,0,177,-22,34,144,0,6,0,0,0,0,0,0,-32290,0,0,0,0,0,1732402,0
1732408,-696,-936,-8080,-1,14,9,-16778,-2,5,1,0,177,-22,34,144,0,6,0,0,0,0,0,0,-32290,0,0,0,0,0,1732407,0
1732413,-704,-942,-8096,-2,12,12,-16778,2,2,1,0,180,-36,34,144,0,6,0,0,0,0,0,0,-32290,0,0,0,0,0,1732412,0
1732418,-726,-940,-8058,-2,14,8,-16778,5,2,1,0,180,-36,34,144,0,6,0,0,0,0,0,0,-32290,0,0,0,0,0,1732417,0
1732423,-712,-960,-8088,3,20,10,-16779,0,2,1,0,180,-42,34,144,0,6,0,0,0,0,0,0,-32290,0,0,0,0,0,1732422,0
1732428,-674,-934,-8060,-4,16,9,-16778,-2,-3,2,0,180,-42,34,144,0,6,0,0,0,0,0,0,-32290,0,0,0,0,0,1732427,0
1732433,-708,-934,-8058,5,15,11,-16778,4,2,1,0,178,-42,34,144,0,6,0,0,0,0,0,0,-32290,0,0,0,0,0,1732432,0
1732438,-684,-910,-8062,4,16,8,-16779,2,3,1,0,178,-42,34,144,0,6,0,0,0,0,0,0,-32290,0,0,0,0,0,1732437,0
1732443,-730,-976,-8070,-2,15,10,-16779,-5,-3,1,0,180,-39,34,144,0,6,0,0,0,0,0,0,-32289,0,0,0,0,0,1732442,0
1732448,-722,-958,-8056,-3,16,7,-16778,-2,-3,0,0,180,-39,34,144,0,6,0,0,0,0,0,0,-32291,0,0,0,0,0,1732447,0
1732453,-712,-946,-8056,2,20,10,-16779,-1,3,0,0,182,-22,34,144,0,6,0,0,0,0,0,0,-32291,0,0,0,0,0,1732452,0
1732458,-706,-976,-8066,-2,11,7,-16778,3,2,0,0,182,-22,34,144,0,6,0,0,0,0,0,0,-32290,0,0,0,0,0,1732457,0
1732463,-750,-948,-8072,-5,18,10,-16778,1,-1,0,0,185,-19,34,144,0,6,0,0,0,0,0,0,-32290,0,0,0,0,0,1732462,0
1732468,-744,-972,-8052,2,16,6,-16778,3,4,1,0,185,-19,34,144,0,6,0,0,0,0,0,0,-32290,0,0,0,0,0,1732467,0
1732473,-716,-924,-8086,3,16,8,-16779,3,-2,3,0,182,-21,34,144,0,6,0,0,0,0,0,0,-32290,0,0,0,0,0,1732472,0
1732478,-742,-938,-8062,1,14,10,-16778,1,-1,2,0,182,-21,34,144,0,6,0,0,0,0,0,0,-32290,0,0,0,0,0,1732477,0
1732483,-734,-964,-8082,-1,13,7,-16779,0,2,-1,0,181,-21,34,144,0,6,0,0,0,0,0,0,-32290,0,0,0,0,0,1732482,0
1732488,-772,-952,-8068,-4,9,10,-16780,-1,3,0,0,181,-21,34,144,0,6,0,0,0,0,0,0,-32290,0,0,0,0,0,1732487,0
1732493,-738,-952,-8064,1,20,10,-16778,0,-5,0,0,179,-30,34,144,0,6,0,0,0,0,0,0,-32290,0,0,0,0,0,1732492,0
1732498,-752,-950,-8072,-2,16,7,-16779,3,2,-1,0,179,-30,34,144,0,6,0,0,0,0,0,0,-32290,0,0,0,0,0,1732497,0
1732503,-748,-960,-8070,-2,14,12,-16778,0,3,1,0,180,-32,34,144,0,6,0,0,0,0,0,0,-32290,0,0,0,0,0,1732502,0
1732508,-762,-958,-8074,-7,15,10,-16779,-5,-1,1,0,180,-32,34,144,0,6,0,0,0,0,0,0,-32290,0,0,0,0,0,1732507,0
1732513,-744,-958,-8074,-3,14,10,-16779,-1,-1,0,0,180,-24,34,144,0,6,0,0,0,0,0,0,-32290,0,0,0,0,0,1732512,0
1732518,-730,-950,-8078,0,17,10,-16779,-3,-2,1,0,180,-24,34,144,0,6,0,0,0,0,0,0,-32291,0,0,0,0,0,1732517,0
1732523,-750,-948,-8062,1,13,5,-16779,-3,-3,3,0,181,-31,34,144,0,6,0,0,0,0,0,0,-32290,0,0,0,0,0,1732522,0
1732528,-762,-978,-8072,5,19,11,-16779,0,5,1,0,181,-31,34,144,0,6,0,0,0,0,0,0,-32290,0,0,0,0,0,1732524,0
1732533,-724,-948,-8062,-4,9,10,-16778,-1,0,1,0,180,-23,34,144,0,6,0,0,0,0,0,0,-32290,0,0,0,0,0,1732530,0
1732538,-750,-936,-8070,-1,10,11,-16780,1,-1,1,0,180,-23,34,144,0,6,0,0,0,0,0,0,-32290,0,0,0,0,0,1732535,0
1732543,-726,-956,-8074,-3,10,5,-16779,0,-1,-5,0,182,-20,34,144,0,6,0,0,0,0,0,0,-32290,0,0,0,0,0,1732540,0
1732548,-748,-948,-8062,-1,13,11,-16779,-2,0,0,0,182,-20,34,144,0,6,0,0,0,0,0,0,-32290,0,0,0,0,0,1732545,0
1732553,-722,-950,-8100,-3,11,11,-16778,4,1,2,0,183,-24,34,144,0,6,0,0,0,0,0,0,-32290,0,0,0,0,0,1732550,0
1732558,-730,-940,-8074,-3,15,9,-16778,4,3,0,0,183,-24,34,144,0,6,0,0,0,0,0,0,-32290,0,0,0,0,0,1732555,0
1732563,-722,-978,-8062,-2,16,12,-16779,0,1,1,0,181,-34,34,144,0,6,0,0,0,0,0,0,-32290,0,0,0,0,0,1732559,0
1732568,-724,-928,-8080,-3,14,10,-16779,-9,0,-1,0,181,-34,34,144,0,6,0,0,0,0,0,0,-32290,0,0,0,0,0,1732564,0
1732573,-712,-938,-8042,4,15,8,-16778,6,1,0,0,181,-47,34,144,0,6,0,0,0,0,0,0,-32289,0,0,0,0,0,1732569,0
1732578,-730,-922,-8054,-1,21,10,-16779,2,-5,0,0,181,-47,34,144,0,6,0,0,0,0,0,0,-32290,0,0,0,0,0,1732574,0
1732583,-716,-954,-8058,4,17,9,-16779,-1,0,0,0,179,-19,34,144,0,6,0,0,0,0,0,0,-32289,0,0,0,0,0,1732579,0
1732588,-734,-942,-8058,-2,13,7,-16778,5,-4,3,0,179,-19,34,144,0,6,0,0,0,0,0,0,-32290,0,0,0,0,0,1732584,0
1732593,-716,-960,-8062,1,17,10,-16779,-1,1,4,0,182,2,34,144,0,6,0,0,0,0,0,0,-32290,0,0,0,0,0,1732589,0
1732598,-712,-940,-8060,3,18,10,-16778,0,-1,2,0,182,2,34,144,0,6,0,0,0,0,0,0,-32291,0,0,0,0,0,1732594,0
1732603,-716,-942,-8084,1,10,11,-16777,8,4,0,0,180,-13,34,144,0,6,0,0,0,0,0,0,-32290,0,0,0,0,0,1732599,0
1732608,-720,-932,-8064,1,11,9,-16778,3,-1,0,0,180,-13,34,144,0,6,0,0,0,0,0,0,-32291,0,0,0,0,0,1732604,0
1732613,-740,-960,-8086,0,17,9,-16778,3,5,1,0,180,-30,34,144,0,6,0,0,0,0,0,0,-32290,0,0,0,0,0,1732609,0
1732618,-700,-950,-8058,0,9,6,-16778,1,-1,-2,0,180,-30,34,144,0,6,0,0,0,0,0,0,-32291,0,0,0,0,0,1732614,0
1732623,-710,-948,-8080,1,10,10,-16779,0,-4,0,0,178,-27,34,144,0,6,0,0,0,0,0,0,-32290,0,0,0,0,0,1732619,0
1732628,-732,-964,-8060,-2,13,5,-16779,-3,-6,0,0,178,-27,34,144,0,6,0,0,0,0,0,0,-32290,0,0,0,0,0,1732624,0
1732633,-728,-928,-8076,5,14,9,-16779,-7,-3,0,0,178,-40,34,144,0,6,0,0,0,0,0,0,-32290,0,0,0,0,0,1732629,0
1732638,-714,-968,-8054,-2,12,15,-16778,-7,2,2,0,178,-40,34,144,0,6,0,0,0,0,0,0,-32290,0,0,0,0,0,1732634,0
1732643,-722,-942,-8062,2,15,12,-16779,3,-2,1,0,174,-37,34,144,0,6,0,0,0,0,0,0,-32290,0,0,0,0,0,1732639,0
1732648,-746,-964,-8086,1,13,11,-16779,0,-3,-1,0,174,-37,34,144,0,6,0,0,0,0,0,0,-32290,0,0,0,0,0,1732644,0
1732653,-714,-958,-8066,0,11,9,-16779,-1,-1,0,0,175,-69,34,144,0,6,0,0,0,0,0,0,-32290,0,0,0,0,0,1732649,0
1732658,-740,-936,-8056,-5,13,12,-16779,0,4,3,0,175,-69,34,144,0,6,0,0,0,0,0,0,-32290,0,0,0,0,0,1732654,0
1732663,-728,-912,-8064,0,11,9,-16777,8,3,4,0,178,-37,34,144,0,6,0,0,0,0,0,0,-32289,0,0,0,0,0,1732659,0
1732668,-770,-946,-8080,2,19,9,-16778,2,-1,0,0,178,-37,34,144,0,6,0,0,0,0,0,0,-32290,0,0,0,0,0,1732664,0
1732673,-724,-938,-8080,1,16,12,-16780,-1,0,0,0,177,-48,34,144,0,6,0,0,0,0,0,0,-32290,0,0,0,0,0,1732669,0
1732678,-730,-908,-8082,0,18,7,-16780,-1,1,1,0,177,-48,34,144,0,6,0,0,0,0,0,0,-32290,0,0,0,0,0,1732674,0
1732683,-726,-932,-8080,-4,13,8,-16778,1,-1,5,0,179,-31,34,144,0,6,0,0,0,0,0,0,-32289,0,0,0,0,0,1732679,0
1732688,-752,-930,-8038,3,11,6,-16780,1,4,4,0,179,-31,34,144,0,6,0,0,0,0,0,0,-32290,0,0,0,0,0,1732683,0
1732693,-714,-948,-8050,1,14,12,-16779,-2,4,2,0,178,-49,34,144,0,6,0,0,0,0,0,0,-32290,0,0,0,0,0,1732688,0
1732698,-734,-942,-8066,4,13,6,-16779,1,-4,0,0,178,-49,34,144,0,6,0,0,0,0,0,0,-32290,0,0,0,0,0,1732693,0
1732703,-724,-956,-8078,-2,19,12,-16779,-5,3,0,0,180,-35,34,144,0,6,0,0,0,0,0,0,-32290,0,0,0,0,0,1732698,0
1732708,-748,-946,-8058,0,15,11,-16778,1,-2,0,0,180,-35,34,144,0,6,0,0,0,0,0,0,-32290,0,0,0,0,0,1732703,0
1732713,-734,-960,-8074,-4,12,6,-16779,-1,1,3,0,181,-49,34,144,0,6,0,0,0,0,0,0,-32290,0,0,0,0,0,1732708,0
1732718,-728,-948,-8054,2,7,9,-16779,-3,0,0,0,181,-49,34,144,0,6,0,0,0,0,0,0,-32290,0,0,0,0,0,1732713,0
1732723,-736,-950,-8102,-2,16,8,-16779,0,-2,0,0,179,-38,34,144,0,6,0,0,0,0,0,0,-32290,0,0,0,0,0,1732718,0
1732728,-704,-942,-8078,-3,14,9,-16780,-1,1,2,0,179,-38,34,144,0,6,0,0,0,0,0,0,-32290,0,0,0,0,0,1732723,0
1732733,-730,-970,-8080,3,16,10,-16779,-2,2,1,0,177,-41,34,144,0,6,0,0,0,0,0,0,-32290,0,0,0,0,0,1732728,0
1732738,-738,-948,-8078,1,14,8,-16779,-2,-1,0,0,177,-41,34,144,0,6,0,0,0,0,0,0,-32290,0,0,0,0,0,1732733,0
1732743,-736,-944,-8056,2,16,10,-16779,0,4,1,0,177,-45,34,144,0,6,0,0,0,0,0,0,-32290,0,0,0,0,0,1732738,0
1732748,-730,-944,-8070,0,16,10,-16779,0,3,1,0,177,-45,34,144,0,6,0,0,0,0,0,0,-32290,0,0,0,0,0,1732743,0
1732753,-732,-976,-8084,-4,11,8,-16779,0,-1,0,0,177,-48,34,144,0,6,0,0,0,0,0,0,-32291,0,0,0,0,0,1732748,0
1732758,-742,-932,-8058,-1,14,7,-16779,-5,2,1,0,177,-48,34,144,0,6,0,0,0,0,0,0,-32290,0,0,0,0,0,1732753,0
1732763,-730,-964,-8086,-3,13,9,-16778,3,2,2,0,181,-48,34,144,0,6,0,0,0,0,0,0,-32290,0,0,0,0,0,1732758,0
1732768,-726,-940,-8092,-2,15,7,-16779,0,0,0,0,181,-48,34,144,0,6,0,0,0,0,0,0,-32289,0,0,0,0,0,1732763,0
1732773,-714,-970,-8056,-1,15,7,-16779,-3,1,0,0,181,-49,34,144,0,6,0,0,0,0,0,0,-32290,0,0,0,0,0,1732768,0
1732778,-738,-928,-8060,-5,13,5,-16778,1,0,1,0,181,-49,34,144,0,6,0,0,0,0,0,0,-32290,0,0,0,0,0,1732773,0
1732783,-726,-978,-8062,4,19,8,-16778,1,0,2,0,181,-46,34,144,0,6,0,0,0,0,0,0,-32290,0,0,0,0,0,1732778,0
1732788,-732,-920,-8076,-1,12,12,-16779,2,1,2,0,181,-46,34,144,0,6,0,0,0,0,0,0,-32290,0,0,0,0,0,1732783,0
1732793,-726,-936,-8064,3,11,11,-16779,-1,-1,1,0,181,-42,34,144,0,6,0,0,0,0,0,0,-32290,0,0,0,0,0,1732788,0
1732798,-726,-944,-8068,-4,16,10,-16779,-1,-1,0,0,181,-42,34,144,0,6,0,0,0,0,0,0,-32290,0,0,0,0,0,1732793,0
1732803,-754,-960,-8052,-5,18,8,-16779,0,1,0,0,181,-30,34,144,0,6,0,0,0,0,0,0,-32290,0,0,0,0,0,1732798,0
1732808,-740,-946,-8060,-1,13,11,-16779,0,-2,0,0,181,-30,34,144,0,6,0,0,0,0,0,0,-32290,0,0,0,0,0,1732803,0
1732813,-744,-938,-8068,-4,14,9,-16778,-3,-2,1,0,179,-32,34,144,0,6,0,0,0,0,0,0,-32290,0,0,0,0,0,1732808,0
1732818,-710,-920,-8052,1,12,13,-16778,9,2,0,0,179,-32,34,144,0,6,0,0,0,0,0,0,-32289,0,0,0,0,0,1732813,0
1732823,-732,-956,-8088,-4,8,5,-16778,6,0,0,0,179,-26,34,144,0,6,0,0,0,0,0,0,-32290,0,0,0,0,0,1732818,0
1732828,-750,-952,-8068,-1,12,10,-16779,0,-1,1,0,179,-26,34,144,0,6,0,0,0,0,0,0,-32290,0,0,0,0,0,1732823,0
1732833,-718,-938,-8080,1,14,9,-16779,-1,-1,2,0,177,-24,34,144,0,6,0,0,0,0,0,0,-32290,0,0,0,0,0,1732828,0
1732838,-716,-976,-8086,-1,16,6,-16779,-1,-2,0,0,177,-24,34,144,0,6,0,0,0,0,0,0,-32290,0,0,0,0,0,1732833,0
1732843,-726,-946,-8084,-6,17,4,-16779,2,0,0,0,179,-13,34,144,0,6,0,0,0,0,0,0,-32291,0,0,0,0,0,1732838,0
1732848,-732,-946,-8088,-3,19,7,-16779,5,2,1,0,179,-13,34,144,0,6,0,0,0,0,0,0,-32290,0,0,0,0,0,1732843,0
1732853,-730,-922,-8066,-4,11,6,-16780,-2,2,-1,0,179,-21,34,144,0,6,0,0,0,0,0,0,-32290,0,0,0,0,0,1732848,0
1732858,-754,-960,-8062,4,13,10,-16779,5,1,5,0,179,-21,34,144,0,6,0,0,0,0,0,0,-32290,0,0,0,0,0,1732853,0
1732863,-718,-954,-8080,8,16,6,-16779,-1,-1,2,0,178,-34,34,144,0,6,0,0,0,0,0,0,-32290,0,0,0,0,0,1732858,0
1732868,-722,-956,-8044,0,9,9,-16778,1,4,0,0,178,-34,34,144,0,6,0,0,0,0,0,0,-32290,0,0,0,0,0,1732863,0
1732873,-732,-946,-8080,3,18,6,-16779,5,-3,0,0,176,-37,34,144,0,6,0,0,0,0,0,0,-32290,0,0,0,0,0,1732868,0
1732878,-738,-982,-8070,0,14,11,-16779,-4,4,2,0,176,-37,34,144,0,6,0,0,0,0,0,0,-32290,0,0,0,0,0,1732873,0
1732883,-714,-964,-8044,0,19,11,-16778,1,-5,2,0,176,-39,34,144,0,6,0,0,0,0,0,0,-32290,0,0,0,0,0,1732878,0
1732888,-728,-970,-8076,0,14,11,-16779,0,-2,1,0,176,-39,34,144,0,6,0,0,0,0,0,0,-32290,0,0,0,0,0,1732883,0
1732893,-740,-944,-8080,-3,16,8,-16778,1,1,1,0,177,-27,34,144,0,6,0,0,0,0,0,0,-32290,0,0,0,0,0,1732888,0
1732898,-734,-960,-8056,-4,11,8,-16779,-1,-5,0,0,177,-27,34,144,0,6,0,0,0,0,0,0,-32291,0,0,0,0,0,1732893,0
1732903,-724,-940,-8100,1,18,12,-16779,-1,-1,0,0,177,-38,34,144,0,6,0,0,0,0,0,0,-32290,0,0,0,0,0,1732898,0
1732908,-712,-918,-8058,-2,15,8,-16778,3,-2,1,0,177,-38,34,144,0,6,0,0,0,0,0,0,-32290,0,0,0,0,0,1732903,0
1732913,-732,-960,-8076,1,15,9,-16778,4,0,3,0,178,-41,34,144,0,6,0,0,0,0,0,0,-32290,0,0,0,0,0,1732908,0
1732918,-720,-954,-8068,1,13,3,-16779,0,5,0,0,178,-41,34,144,0,6,0,0,0,0,0,0,-32290,0,0,0,0,0,1732913,0
1732923,-708,-966,-8066,4,14,9,-16778,4,-1,2,0,179,-48,34,144,0,6,0,0,0,0,0,0,-32290,0,0,0,0,0,1732918,0
1732928,-730,-954,-8052,-3,13,10,-16778,-1,-2,2,0,179,-48,34,144,0,6,0,0,0,0,0,0,-32291,0,0,0,0,0,1732923,0
1732933,-712,-940,-8064,0,13,9,-16778,1,2,2,0,181,-47,34,144,0,6,0,0,0,0,0,0,-32290,0,0,0,0,0,1732928,0
1732938,-730,-956,-8058,1,21,11,-16779,-2,-1,2,0,181,-47,34,144,0,6,0,0,0,0,0,0,-32290,0,0,0,0,0,1732933,0
1732943,-720,-948,-8068,1,11,14,-16778,1,-2,3,0,180,-57,34,144,0,6,0,0,0,0,0,0,-32290,0,0,0,0,0,1732938,0
1732948,-722,-934,-8042,-5,13,8,-16778,0,-4,0,0,180,-57,34,144,0,6,0,0,0,0,0,0,-32290,0,0,0,0,0,1732943,0
1732953,-718,-958,-8086,2,12,4,-16779,0,-1,0,0,181,-63,34,144,0,6,0,0,0,0,0,0,-32290,0,0,0,0,0,1732948,0
1732958,-698,-970,-8076,-1,17,8,-16779,-3,0,1,0,181,-63,34,144,0,6,0,0,0,0,0,0,-32290,0,0,0,0,0,1732953,0
1732963,-734,-962,-8068,-3,9,10,-16779,-2,1,-1,0,181,-65,34,144,0,6,0,0,0,0,0,0,-32290,0,0,0,0,0,1732958,0
1732968,-720,-942,-8070,-2,20,6,-16778,-1,-2,-3,0,181,-65,34,144,0,6,0,0,0,0,0,0,-32290,0,0,0,0,0,1732963,0
1732973,-744,-942,-8090,0,12,9,-16778,3,1,-2,0,179,-51,34,144,0,6,0,0,0,0,0,0,-32290,0,0,0,0,0,1732968,0
1732978,-730,-928,-8068,-6,14,5,-16778,2,2,0,0,179,-51,34,144,0,6,0,0,0,0,0,0,-32290,0,0,0,0,0,1732973,0
1732983,-744,-932,-8068,-1,13,11,-16778,5,0,1,0,179,-45,34,144,0,6,0,0,0,0,0,0,-32289,0,0,0,0,0,1732978,0
1732988,-710,-952,-8060,-2,12,11,-16778,1,0,2,0,179,-45,34,144,0,6,0,0,0,0,0,0,-32291,0,0,0,0,0,1732983,0
1732993,-730,-966,-8070,-4,17,11,-16778,4,0,3,0,178,-32,34,144,0,6,0,0,0,0,0,0,-32290,0,0,0,0,0,1732988,0
1732998,-732,-950,-8070,-1,14,11,-16779,-1,2,0,0,178,-32,34,144,0,6,0,0,0,0,0,0,-32290,0,0,0,0,0,1732993,0
1733003,-734,-962,-8076,-1,14,9,-16780,-6,-3,0,0,181,-18,34,144,0,6,0,0,0,0,0,0,-32289,0,0,0,0,0,1732998,0
1733008,-752,-944,-8090,2,10,9,-16778,-2,-5,1,0,181,-18,34,144,0,6,0,0,0,0,0,0,-32290,0,0,0,0,0,1733003,0
1733013,-720,-938,-8076,1,17,10,-16778,3,1,2,0,179,-19,34,144,0,6,0,0,0,0,0,0,-32289,0,0,0,0,0,1733008,0
1733018,-720,-930,-8082,-1,13,6,-16779,2,1,0,0,179,-19,34,144,0,6,0,0,0,0,0,0,-32290,0,0,0,0,0,1733013,0
1733023,-740,-958,-8078,-1,13,10,-16779,-3,-2,2,0,179,-24,34,144,0,6,0,0,0,0,0,0,-32290,0,0,0,0,0,1733018,0
1733028,-726,-972,-8076,-2,10,9,-16778,5,0,1,0,179,-24,34,144,0,6,0,0,0,0,0,0,-32290,0,0,0,0,0,1733023,0
1733033,-730,-944,-8080,-3,14,7,-16778,2,2,0,0,180,-22,34,144,0,6,0,0,0,0,0,0,-32290,0,0,0,0,0,1733028,0
1733038,-736,-940,-8042,-3,11,5,-16778,0,-4,0,0,180,-22,34,144,0,6,0,0,0,0,0,0,-32290,0,0,0,0,0,1733033,0
1733043,-728,-936,-8060,-6,13,11,-16778,4,-4,1,0,180,-18,34,144,0,6,0,0,0,0,0,0,-32290,0,0,0,0,0,1733038,0
1733048,-732,-946,-8070,-4,15,7,-16779,2,-2,2,0,180,-18,34,144,0,6,0,0,0,0,0,0,-32290,0,0,0,0,0,1733043,0
1733053,-718,-936,-8054,-1,17,8,-16779,0,-1,1,0,179,-29,34,144,0,6,0,0,0,0,0,0,-32290,0,0,0,0,0,1733048,0
1733058,-742,-958,-8058,3,13,8,-16779,-2,-1,1,0,179,-29,34,144,0,6,0,0,0,0,0,0,-32290,0,0,0,0,0,1733053,0
1733063,-722,-936,-8050,1,17,5,-16779,0,3,0,0,178,-23,34,144,0,6,0,0,0,0,0,0,-32290,0,0,0,0,0,1733058,0
1733068,-722,-918,-8066,1,17,9,-16778,2,1,-3,0,178,-23,34,144,0,6,0,0,0,0,0,0,-32290,0,0,0,0,0,1733063,0
1733073,-714,-950,-8064,5,18,7,-16779,3,0,2,0,178,-28,34,144,0,6,0,0,0,0,0,0,-32290,0,0,0,0,0,1733068,0
1733078,-720,-936,-8088,0,16,14,-16779,-2,1,2,0,178,-28,34,144,0,6,0,0,0,0,0,0,-32290,0,0,0,0,0,1733073,0
1733083,-720,-968,-8064,2,12,8,-16780,-6,0,1,0,180,-26,34,144,0,6,0,0,0,0,0,0,-32290,0,0,0,0,0,1733078,0
1733088,-720,-954,-8082,4,13,9,-16779,-3,4,1,0,180,-26,34,144,0,6,0,0,0,0,0,0,-32290,0,0,0,0,0,1733083,0
1733093,-732,-964,-8074,1,18,5,-16779,-1,2,0,0,178,-25,34,144,0,6,0,0,0,0,0,0,-32289,0,0,0,0,0,1733088,0
1733098,-720,-928,-8066,-1,14,8,-16779,-5,3,0,0,178,-25,34,144,0,6,0,0,0,0,0,0,-32290,0,0,0,0,0,1733093,0
1733103,-726,-924,-8056,6,15,9,-16779,0,1,1,0,180,-30,34,144,0,6,0,0,0,0,0,0,-32290,0,0,0,0,0,1733098,0
1733108,-728,-932,-8048,-3,15,12,-16780,-3,4,2,0,180,-30,34,144,0,6,0,0,0,0,0,0,-32290,0,0,0,0,0,1733103,0
1733113,-736,-956,-8054,-2,16,8,-16778,4,2,2,0,179,-37,34,144,0,6,0,0,0,0,0,0,-32290,0,0,0,0,0,1733108,0
1733118,-722,-966,-8068,-1,19,10,-16779,3,3,0,0,179,-37,34,144,0,6,0,0,0,0,0,0,-32290,0,0,0,0,0,1733113,0
1733123,-734,-944,-8068,-3,11,9,-16778,-1,4,0,0,179,-26,34,144,0,6,0,0,0,0,0,0,-32290,0,0,0,0,0,1733118,0
1733128,-730,-976,-8084,-4,16,9,-16778,4,-4,1,0,179,-26,34,144,0,6,0,0,0,0,0,0,-32290,0,0,0,0,0,1733123,0
1733133,-738,-946,-8058,-3,16,9,-16779,0,-1,0,0,179,-35,34,144,0,6,0,0,0,0,0,0,-32290,0,0,0,0,0,1733127,0
1733138,-736,-946,-8078,0,14,7,-16779,-3,-4,0,0,179,-35,34,144,0,6,0,0,0,0,0,0,-32290,0,0,0,0,0,1733132,0
1733143,-716,-952,-8100,0,16,11,-16779,4,0,0,0,178,-23,34,144,0,6,0,0,0,0,0,0,-32290,0,0,0,0,0,1733137,0
1733148,-714,-966,-8090,4,14,7,-16778,1,0,0,0,178,-23,34,144,0,6,0,0,0,0,0,0,-32290,0,0,0,0,0,1733142,0
1733153,-720,-938,-8074,-1,15,6,-16779,3,-1,0,0,178,-24,34,144,0,6,0,0,0,0,0,0,-32290,0,0,0,0,0,1733147,0
1733158,-720,-950,-8052,-1,15,11,-16779,-1,-2,1,0,178,-24,34,144,0,6,0,0,0,0,0,0,-32290,0,0,0,0,0,1733152,0
1733163,-744,-934,-8070,-1,16,9,-16779,1,1,0,0,179,-27,34,144,0,6,0,0,0,0,0,0,-32290,0,0,0,0,0,1733157,0
1733168,-720,-942,-8060,1,16,10,-16779,-6,-3,0,0,179,-27,34,144,0,6,0,0,0,0,0,0,-32290,0,0,0,0,0,1733162,0
1733173,-724,-930,-8086,0,11,7,-16779,0,1,-3,0,178,-31,34,144,0,6,0,0,0,0,0,0,-32290,0,0,0,0,0,1733167,0
1733178,-752,-960,-8066,-1,14,6,-16779,0,-3,2,0,178,-31,34,144,0,6,0,0,0,0,0,0,-32290,0,0,0,0,0,1733172,0
1733183,-736,-934,-8074,0,13,12,-16779,-3,0,1,0,178,-37,34,144,0,6,0,0,0,0,0,0,-32290,0,0,0,0,0,1733177,0
1733188,-706,-928,-8076,0,14,7,-16778,4,-1,1,0,178,-37,34,144,0,6,0,0,0,0,0,0,-32290,0,0,0,0,0,1733182,0
1733193,-730,-930,-8056,-1,11,12,-16780,-5,1,2,0,178,-43,34,144,0,6,0,0,0,0,0,0,-32290,0,0,0,0,0,1733187,0
1733198,-726,-930,-8060,2,11,9,-16778,6,2,1,0,178,-43,34,144,0,6,0,0,0,0,0,0,-32290,0,0,0,0,0,1733192,0
1733203,-724,-932,-8086,4,14,8,-16778,1,0,0,0,177,-47,34,144,0,6,0,0,0,0,0,0,-32290,0,0,0,0,0,1733197,0
1733208,-734,-950,-8058,-4,16,8,-16778,-1,2,0,0,177,-47,34,144,0,6,0,0,0,0,0,0,-32290,0,0,0,0,0,1733202,0
1733213,-722,-964,-8066,0,10,7,-16778,6,-5,2,0,180,-33,34,144,0,6,0,0,0,0,0,0,-32290,0,0,0,0,0,1733207,0
1733218,-726,-960,-8058,3,10,9,-16779,-2,2,2,0,180,-33,34,144,0,6,0,0,0,0,0,0,-32291,0,0,0,0,0,1733212,0
1733223,-736,-944,-8076,-1,13,9,-16779,7,0,1,0,180,-30,34,144,0,6,0,0,0,0,0,0,-32290,0,0,0,0,0,1733217,0
1733228,-732,-948,-8068,-2,16,5,-16778,1,-2,3,0,180,-30,34,144,0,6,0,0,0,0,0,0,-32291,0,0,0,0,0,1733222,0
1733233,-764,-950,-8062,-2,14,11,-16779,-5,2,0,0,182,-19,34,144,0,6,0,0,0,0,0,0,-32290,0,0,0,0,0,1733227,0
1733238,-716,-956,-8052,-2,14,11,-16779,-2,1,1,0,182,-19,34,144,0,6,0,0,0,0,0,0,-32290,0,0,0,0,0,1733232,0
1733243,-742,-936,-8078,-1,15,13,-16778,3,2,1,0,181,-18,34,144,0,6,0,0,0,0,0,0,-32290,0,0,0,0,0,1733237,0
1733248,-714,-968,-8072,-4,20,8,-16779,-2,-2,1,0,181,-18,34,144,0,6,0,0,0,0,0,0,-32290,0,0,0,0,0,1733242,0
1733253,-724,-974,-8084,4,14,11,-16779,7,-1,0,0,181,-22,34,144,0,6,0,0,0,0,0,0,-32290,0,0,0,0,0,1733247,0
1733258,-724,-952,-8066,-2,12,7,-16779,-2,2,1,0,181,-22,34,144,0,6,0,0,0,0,0,0,-32291,0,0,0,0,0,1733252,0
1733263,-726,-944,-8066,-5,15,10,-16779,-1,3,1,0,180,-27,34,144,0,6,0,0,0,0,0,0,-32290,0,0,0,0,0,1733257,0
1733268,-734,-940,-8076,1,11,6,-16779,-5,1,2,0,180,-27,34,144,0,6,0,0,0,0,0,0,-32290,0,0,0,0,0,1733262,0
1733273,-738,-972,-8078,1,13,8,-16780,-3,3,1,0,181,-40,34,144,0,6,0,0,0,0,0,0,-32289,0,0,0,0,0,1733267,0
1733278,-732,-934,-8062,-2,20,10,-16779,0,-2,2,0,181,-40,34,144,0,6,0,0,0,0,0,0,-32290,0,0,0,0,0,1733272,0
1733283,-726,-944,-8036,1,20,6,-16779,-4,5,0,0,181,-40,34,144,0,6,0,0,0,0,0,0,-32290,0,0,0,0,0,1733277,0
1733288,-740,-922,-8072,-5,10,11,-16778,0,4,0,0,181,-40,34,144,0,6,0,0,0,0,0,0,-32290,0,0,0,0,0,1733282,0
1733293,-736,-950,-8074,-1,16,7,-16779,0,6,0,0,181,-33,34,144,0,6,0,0,0,0,0,0,-32290,0,0,0,0,0,1733287,0
1733298,-760,-950,-8054,-3,17,10,-16778,2,-1,0,0,181,-33,34,144,0,6,0,0,0,0,0,0,-32290,0,0,0,0,0,1733292,0
1733303,-748,-932,-8050,6,16,11,-16779,-2,-2,0,0,184,-32,34,144,0,6,0,0,0,0,0,0,-32290,0,0,0,0,0,1733297,0
1733308,-766,-924,-8064,2,12,12,-16779,-5,2,1,0,184,-32,34,144,0,6,0,0,0,0,0,0,-32291,0,0,0,0,0,1733302,0
1733313,-732,-934,-8072,0,15,8,-16779,0,3,3,0,179,-33,34,144,0,6,0,0,0,0,0,0,-32290,0,0,0,0,0,1733307,0
1733318,-714,-980,-8064,-5,15,8,-16779,-6,-1,0,0,179,-33,34,144,0,6,0,0,0,0,0,0,-32290,0,0,0,0,0,1733312,0
1733323,-728,-970,-8096,0,11,11,-16779,-5,0,0,0,179,-40,34,144,0,6,0,0,0,0,0,0,-32290,0,0,0,0,0,1733317,0
1733328,-738,-940,-8094,1,15,10,-16778,-3,-4,1,0,179,-40,34,144,0,6,0,0,0,0,0,0,-32290,0,0,0,0,0,1733322,0
1733333,-754,-950,-8084,-3,17,11,-16779,4,0,1,0,177,-47,34,144,0,6,0,0,0,0,0,0,-32289,0,0,0,0,0,1733327,0
1733338,-724,-934,-8060,4,11,13,-16779,0,-1,0,0,177,-47,34,144,0,6,0,0,0,0,0,0,-32290,0,0,0,0,0,1733332,0
1733343,-734,-956,-8026,6,16,10,-16778,7,2,3,0,177,-47,34,144,0,6,0,0,0,0,0,0,-32290,0,0,0,0,0,1733337,0
1733348,-736,-964,-8078,-8,10,3,-16779,-2,4,-5,0,177,-47,34,144,0,6,0,0,0,0,0,0,-32289,0,0,0,0,0,1733342,0
1733353,-702,-932,-8078,-3,13,7,-16778,-4,0,-4,0,179,-40,34,144,0,6,0,0,0,0,0,0,-32290,0,0,0,0,0,1733347,0
1733358,-750,-944,-8042,0,15,7,-16780,4,0,2,0,179,-40,34,144,0,6,0,0,0,0,0,0,-32290,0,0,0,0,0,1733352,0
1733363,-718,-922,-8090,3,13,10,-16779,-3,-2,3,0,177,-46,34,144,0,6,0,0,0,0,0,0,-32290,0,0,0,0,0,1733357,0
1733368,-748,-962,-8056,0,14,7,-16779,-2,0,0,0,177,-46,34,144,0,6,0,0,0,0,0,0,-32290,0,0,0,0,0,1733362,0
1733373,-716,-964,-8070,-9,15,10,-16777,4,3,-1,0,180,-38,34,144,0,6,0,0,0,0,0,0,-32290,0,0,0,0,0,1733367,0
1733378,-738,-948,-8050,-6,14,14,-16779,-4,1,0,0,180,-38,34,144,0,6,0,0,0,0,0,0,-32290,0,0,0,0,0,1733372,0
1733383,-734,-986,-8054,-4,14,10,-16779,-6,-4,3,0,181,-40,34,144,0,6,0,0,0,0,0,0,-32290,0,0,0,0,0,1733377,0
1733388,-742,-956,-8094,0,16,4,-16779,2,-1,3,0,181,-40,34,144,0,6,0,0,0,0,0,0,-32290,0,0,0,0,0,1733382,0
1733393,-726,-936,-8072,3,15,9,-16779,-7,3,2,0,181,-27,34,144,0,6,0,0,0,0,0,0,-32290,0,0,0,0,0,1733387,0
1733398,-706,-974,-8076,2,12,9,-16779,0,3,1,0,181,-27,34,144,0,6,0,0,0,0,0,0,-32290,0,0,0,0,0,1733392,0
1733403,-710,-918,-8002,0,19,7,-16779,4,3,3,0,180,-15,34,144,0,6,0,0,0,0,0,0,-32290,0,0,0,0,0,1733397,0
1733408,-684,-874,-7870,6,9,11,-16779,-1,4,4,0,180,-15,34,144,0,6,0,0,0,0,0,0,-32290,0,0,0,0,0,1733402,0
1733413,-744,-894,-8094,-4,21,8,-16780,-4,3,2,0,180,-13,34,144,0,6,0,0,0,0,0,0,-32290,0,0,0,0,0,1733407,0
1733418,-770,-906,-8070,-13,9,12,-16778,1,2,0,0,180,-13,34,144,0,6,0,0,0,0,0,0,-32290,0,0,0,0,0,1733412,0
1733423,-676,-860,-7972,0,11,7,-16779,-4,0,0,0,181,-16,34,144,0,6,0,0,0,0,0,0,-32290,0,0,0,0,0,1733417,0
1733428,-738,-900,-8006,-2,26,4,-16779,-4,2,3,0,181,-16,34,144,0,6,0,0,0,0,0,0,-32290,0,0,0,0,0,1733422,0
1733433,-664,-868,-8172,14,14,10,-16778,0,0,1,0,181,-6,34,144,0,6,0,0,0,0,0,0,-32290,0,0,0,0,0,1733427,0
1733438,-796,-992,-7956,9,34,5,-16779,0,0,0,0,181,-6,34,144,0,6,0,0,0,0,0,0,-32290,0,0,0,0,0,1733432,0
1733443,-648,-942,-8132,8,13,12,-16778,-2,0,0,0,180,-8,34,144,0,6,0,0,0,0,0,0,-32290,0,0,0,0,0,1733437,0
1733448,-716,-948,-8140,-16,-2,14,-16779,0,0,0,0,180,-8,34,144,0,6,0,0,0,0,0,0,-32290,0,0,0,0,0,1733442,0
1733453,-748,-900,-7938,-7,14,11,-16779,0,-1,0,0,179,-18,34,144,0,6,0,0,0,0,0,0,-32292,0,0,0,0,0,1733447,0
1733458,-690,-970,-8180,2,11,6,-16778,4,2,1,0,179,-18,34,144,0,6,0,0,0,0,0,0,-32290,0,0,0,0,0,1733452,0
1733463,-746,-924,-8088,6,20,3,-16779,1,1,4,0,180,-34,34,144,0,6,0,0,0,0,0,0,-32290,0,0,0,0,0,1733457,0
1733468,-728,-998,-8092,12,15,7,-16778,-9,2,1,0,180,-34,34,144,0,6,0,0,0,0,0,0,-32290,0,0,0,0,0,1733462,0
1733473,-736,-988,-8048,4,18,7,-16778,0,-3,0,0,181,-32,34,144,0,6,0,0,0,0,0,0,-32290,0,0,0,0,0,1733467,0
1733478,-732,-1012,-8102,-9,7,8,-16780,0,2,2,0,181,-32,34,144,0,6,0,0,0,0,0,0,-32290,0,0,0,0,0,1733472,0
1733483,-702,-958,-7998,-4,11,14,-16778,3,-1,1,0,178,-17,34,144,0,6,0,0,0,0,0,0,-32290,0,0,0,0,0,1733477,0
1733488,-766,-980,-8112,-4,10,5,-16779,0,-2,0,0,178,-17,34,144,0,6,0,0,0,0,0,0,-32290,0,0,0,0,0,1733482,0
1733493,-714,-920,-8098,-5,7,10,-16778,1,7,0,0,178,-29,34,144,0,6,0,0,0,0,0,0,-32290,0,0,0,0,0,1733487,0
1733498,-754,-934,-8040,2,19,7,-16778,4,0,3,0,178,-29,34,144,0,6,0,0,0,0,0,0,-32290,0,0,0,0,0,1733492,0
1733503,-720,-944,-8078,2,8,8,-16779,-1,3,2,0,175,-35,34,144,0,6,0,0,0,0,0,0,-32290,0,0,0,0,0,1733497,0
1733508,-714,-938,-8064,2,13,7,-16779,2,-3,4,0,175,-35,34,144,0,6,0,0,0,0,0,0,-32290,0,0,0,0,0,1733502,0
1733513,-734,-924,-8064,-6,14,9,-16779,1,-2,3,0,177,-24,34,144,0,6,0,0,0,0,0,0,-32289,0,0,0,0,0,1733507,0
1733518,-736,-904,-8102,-5,7,13,-16779,5,2,0,0,177,-24,34,144,0,6,0,0,0,0,0,0,-32290,0,0,0,0,0,1733512,0
1733523,-732,-928,-8066,-4,12,9,-16779,0,-1,1,0,179,-25,34,144,0,6,0,0,0,0,0,0,-32289,0,0,0,0,0,1733517,0
1733528,-732,-912,-8078,1,17,8,-16779,-3,1,2,0,179,-25,34,144,0,6,0,0,0,0,0,0,-32290,0,0,0,0,0,1733522,0
1733533,-712,-906,-8062,0,21,7,-16778,0,-2,0,0,179,-15,34,144,0,6,0,0,0,0,0,0,-32290,0,0,0,0,0,1733529,0
1733538,-734,-902,-8056,0,14,5,-16779,0,-4,0,0,179,-15,34,144,0,6,0,0,0,0,0,0,-32290,0,0,0,0,0,1733534,0
1733543,-730,-894,-8058,-1,21,9,-16779,-1,-1,1,0,177,-15,34,144,0,6,0,0,0,0,0,0,-32290,0,0,0,0,0,1733539,0
1733548,-724,-920,-8058,-3,17,11,-16778,4,-2,1,0,177,-15,34,144,0,6,0,0,0,0,0,0,-32290,0,0,0,0,0,1733544,0
1733553,-710,-910,-8068,-2,14,8,-16779,3,-2,0,0,178,-22,34,144,0,6,0,0,0,0,0,0,-32290,0,0,0,0,0,1733549,0
1733558,-716,-942,-8058,4,17,5,-16779,4,0,4,0,178,-22,34,144,0,6,0,0,0,0,0,0,-32290,0,0,0,0,0,1733554,0
1733563,-736,-984,-8074,-1,10,8,-16780,-1,-5,4,0,178,-23,34,144,0,6,0,0,0,0,0,0,-32290,0,0,0,0,0,1733559,0
1733568,-722,-964,-8074,-7,13,12,-16780,-9,-1,0,0,178,-23,34,144,0,6,0,0,0,0,0,0,-32290,0,0,0,0,0,1733564,0
1733573,-738,-952,-8090,0,13,10,-16779,-7,0,0,0,179,-43,34,144,0,6,0,0,0,0,0,0,-32290,0,0,0,0,0,1733569,0
1733578,-756,-988,-8088,-9,13,8,-16779,-3,-1,2,0,179,-43,34,144,0,6,0,0,0,0,0,0,-32290,0,0,0,0,0,1733574,0
1733583,-740,-970,-8102,3,13,12,-16779,-1,-5,1,0,176,-41,34,144,0,6,0,0,0,0,0,0,-32290,0,0,0,0,0,1733579,0
1733588,-746,-962,-8074,7,19,4,-16778,0,1,0,0,176,-41,34,144,0,6,0,0,0,0,0,0,-32290,0,0,0,0,0,1733584,0
1733593,-760,-978,-8074,3,16,8,-16779,-5,2,1,0,178,-48,34,144,0,6,0,0,0,0,0,0,-32290,0,0,0,0,0,1733589,0
1733598,-748,-996,-8058,1,18,11,-16779,0,-3,-3,0,178,-48,34,144,0,6,0,0,0,0,0,0,-32290,0,0,0,0,0,1733595,0
1733603,-768,-998,-8068,-3,11,12,-16779,0,-3,-3,0,181,-27,34,144,0,6,0,0,0,0,0,0,-32290,0,0,0,0,0,1733599,0
1733608,-750,-984,-8084,-3,14,10,-16778,0,2,-1,0,181,-27,34,144,0,6,0,0,0,0,0,0,-32291,0,0,0,0,0,1733604,0
1733613,-748,-968,-8102,-6,13,7,-16779,-1,2,5,0,181,-24,34,144,0,6,0,0,0,0,0,0,-32290,0,0,0,0,0,1733609,0
1733618,-750,-924,-8100,4,14,6,-16778,1,-3,1,0,181,-24,34,144,0,6,0,0,0,0,0,0,-32291,0,0,0,0,0,1733614,0
1733623,-716,-968,-8090,2,14,5,-16780,-2,-2,1,0,178,-32,34,144,0,6,0,0,0,0,0,0,-32290,0,0,0,0,0,1733619,0
1733628,-716,-952,-8062,-2,12,7,-16779,1,1,1,0,178,-32,34,144,0,6,0,0,0,0,0,0,-32290,0,0,0,0,0,1733624,0
1733633,-700,-954,-8056,1,16,6,-16780,-1,1,2,0,181,-31,34,144,0,6,0,0,0,0,0,0,-32290,0,0,0,0,0,1733629,0
1733638,-688,-898,-8044,-7,12,13,-16778,1,3,1,0,181,-31,34,144,0,6,0,0,0,0,0,0,-32290,0,0,0,0,0,1733634,0
1733643,-690,-922,-8042,-7,13,9,-16778,1,-3,1,0,182,-27,34,144,0,6,0,0,0,0,0,0,-32290,0,0,0,0,0,1733639,0
1733648,-718,-900,-8060,-4,11,7,-16778,2,1,0,0,182,-27,34,144,0,6,0,0,0,0,0,0,-32290,0,0,0,0,0,1733644,0
1733653,-716,-930,-8066,0,18,12,-16779,5,1,0,0,178,-10,34,144,0,6,0,0,0,0,0,0,-32290,0,0,0,0,0,1733649,0
1733658,-712,-900,-8078,0,11,10,-16779,0,2,3,0,178,-10,34,144,0,6,0,0,0,0,0,0,-32290,0,0,0,0,0,1733654,0
1733663,-738,-908,-8082,4,16,13,-16778,0,-3,2,0,174,-41,34,144,0,6,0,0,0,0,0,0,-32290,0,0,0,0,0,1733659,0
1733668,-696,-934,-8068,3,15,7,-16779,0,-1,0,0,174,-41,34,144,0,6,0,0,0,0,0,0,-32290,0,0,0,0,0,1733664,0
1733673,-698,-934,-8060,0,9,11,-16778,1,2,0,0,174,-38,34,144,0,6,0,0,0,0,0,0,-32290,0,0,0,0,0,1733669,0
1733678,-754,-944,-8068,-4,15,9,-16780,0,-1,1,0,174,-38,34,144,0,6,0,0,0,0,0,0,-32291,0,0,0,0,0,1733674,0
1733683,-742,-936,-8042,-7,16,11,-16779,6,2,-1,0,179,-29,34,144,0,6,0,0,0,0,0,0,-32290,0,0,0,0,0,1733679,0
1733688,-740,-952,-8056,0,16,7,-16778,5,1,0,0,179,-29,34,144,0,6,0,0,0,0,0,0,-32290,0,0,0,0,0,1733684,0
1733693,-734,-942,-8074,-5,13,12,-16779,-5,-1,2,0,181,-13,34,144,0,6,0,0,0,0,0,0,-32290,0,0,0,0,0,1733689,0
1733698,-748,-972,-8086,3,17,8,-16780,-6,0,0,0,181,-13,34,144,0,6,0,0,0,0,0,0,-32290,0,0,0,0,0,1733694,0
1733703,-756,-958,-8066,-4,15,9,-16779,-4,-2,-1,0,179,-20,34,144,0,6,0,0,0,0,0,0,-32290,0,0,0,0,0,1733699,0
1733708,-718,-970,-8082,-1,17,3,-16780,0,-1,1,0,179,-20,34,144,0,6,0,0,0,0,0,0,-32290,0,0,0,0,0,1733704,0
1733713,-732,-986,-8098,2,15,12,-16779,2,0,3,0,179,-35,34,144,0,6,0,0,0,0,0,0,-32290,0,0,0,0,0,1733709,0
1733718,-730,-986,-8074,-1,11,8,-16778,2,0,0,0,179,-35,34,144,0,6,0,0,0,0,0,0,-32290,0,0,0,0,0,1733714,0
1733723,-732,-1004,-8070,-3,14,8,-16778,4,3,0,0,181,-46,34,144,0,6,0,0,0,0,0,0,-32290,0,0,0,0,0,1733719,0
1733728,-742,-956,-8076,1,11,9,-16779,0,2,1,0,181,-46,34,144,0,6,0,0,0,0,0,0,-32290,0,0,0,0,0,1733724,0
1733733,-736,-968,-8072,-5,13,9,-16778,0,-5,1,0,182,-26,34,144,0,6,0,0,0,0,0,0,-32289,0,0,0,0,0,1733729,0
1733738,-750,-930,-8094,-2,17,9,-16779,-1,-2,1,0,182,-26,34,144,0,6,0,0,0,0,0,0,-32290,0,0,0,0,0,1733734,0
1733743,-744,-946,-8074,1,16,7,-16779,-1,0,2,0,177,-50,34,144,0,6,0,0,0,0,0,0,-32290,0,0,0,0,0,1733739,0
1733748,-738,-942,-8088,1,13,10,-16778,9,-3,0,0,177,-50,34,144,0,6,0,0,0,0,0,0,-32290,0,0,0,0,0,1733744,0
1733753,-724,-940,-8052,-2,10,6,-16778,3,1,0,0,175,-49,34,144,0,6,0,0,0,0,0,0,-32290,0,0,0,0,0,1733749,0
1733758,-720,-964,-8062,2,17,7,-16778,2,4,2,0,175,-49,34,144,0,6,0,0,0,0,0,0,-32290,0,0,0,0,0,1733754,0
1733763,-716,-926,-8058,-3,12,11,-16779,0,0,1,0,176,-57,34,144,0,6,0,0,0,0,0,0,-32290,0,0,0,0,0,1733759,0
1733768,-730,-930,-8060,-2,13,9,-16778,5,0,0,0,176,-57,34,144,0,6,0,0,0,0,0,0,-32290,0,0,0,0,0,1733764,0
1733773,-722,-922,-8080,6,12,7,-16779,0,-1,-1,0,181,-59,34,144,0,6,0,0,0,0,0,0,-32290,0,0,0,0,0,1733769,0
1733778,-716,-918,-8078,1,14,15,-16780,-10,0,1,0,181,-59,34,144,0,6,0,0,0,0,0,0,-32290,0,0,0,0,0,1733774,0
1733783,-720,-926,-8070,1,17,9,-16779,3,-5,1,0,181,-43,34,144,0,6,0,0,0,0,0,0,-32289,0,0,0,0,0,1733779,0
1733788,-748,-944,-8058,-2,14,7,-16777,9,-1,2,0,181,-43,34,144,0,6,0,0,0,0,0,0,-32290,0,0,0,0,0,1733784,0
1733793,-722,-936,-8058,0,14,6,-16778,4,-2,3,0,176,-53,34,144,0,6,0,0,0,0,0,0,-32289,0,0,0,0,0,1733789,0
1733798,-690,-936,-8076,-5,11,13,-16778,0,-2,0,0,176,-53,34,144,0,6,0,0,0,0,0,0,-32290,0,0,0,0,0,1733794,0
1733803,-718,-956,-8042,0,14,11,-16779,-1,-3,0,0,174,-48,34,144,0,6,0,0,0,0,0,0,-32290,0,0,0,0,0,1733799,0
1733808,-730,-944,-8062,-5,11,13,-16779,2,-4,0,0,174,-48,34,144,0,6,0,0,0,0,0,0,-32290,0,0,0,0,0,1733804,0
1733813,-716,-950,-8052,-2,11,10,-16779,2,-3,0,0,176,-47,34,144,0,6,0,0,0,0,0,0,-32290,0,0,0,0,0,1733809,0
1733818,-714,-958,-8082,1,14,10,-16778,3,1,0,0,176,-47,34,144,0,6,0,0,0,0,0,0,-32290,0,0,0,0,0,1733814,0
1733823,-746,-970,-8094,-3,12,9,-16779,-2,0,0,0,179,-34,34,144,0,6,0,0,0,0,0,0,-32290,0,0,0,0,0,1733819,0
1733828,-724,-950,-8080,4,20,13,-16779,-3,1,1,0,179,-34,34,144,0,6,0,0,0,0,0,0,-32290,0,0,0,0,0,1733824,0
1733833,-728,-988,-8068,2,17,9,-16778,1,-4,1,0,179,-45,34,144,0,6,0,0,0,0,0,0,-32290,0,0,0,0,0,1733829,0
1733838,-716,-972,-8064,-2,16,5,-16778,1,2,2,0,179,-45,34,144,0,6,0,0,0,0,0,0,-32290,0,0,0,0,0,1733834,0
1733843,-732,-960,-8080,-4,13,7,-16779,-3,-2,2,0,178,-33,34,144,0,6,0,0,0,0,0,0,-32290,0,0,0,0,0,1733839,0
1733848,-724,-906,-8054,0,14,12,-16779,-4,-2,0,0,178,-33,34,144,0,6,0,0,0,0,0,0,-32291,0,0,0,0,0,1733844,0
1733853,-772,-988,-8086,2,17,8,-16779,1,0,-2,0,180,-22,34,144,0,6,0,0,0,0,0,0,-32290,0,0,0,0,0,1733849,0
1733858,-740,-962,-8128,-4,10,7,-16778,-4,2,0,0,180,-22,34,144,0,6,0,0,0,0,0,0,-32291,0,0,0,0,0,1733854,0
1733863,-754,-952,-8026,1,20,6,-16780,-3,0,4,0,182,-14,34,144,0,6,0,0,0,0,0,0,-32290,0,0,0,0,0,1733859,0
1733868,-734,-874,-8070,-3,10,9,-16778,2,-2,1,0,182,-14,34,144,0,6,0,0,0,0,0,0,-32291,0,0,0,0,0,1733864,0
1733873,-730,-938,-8090,-1,20,13,-16778,1,-2,0,0,179,-22,34,144,0,6,0,0,0,0,0,0,-32290,0,0,0,0,0,1733869,0
1733878,-738,-936,-8068,-7,14,8,-16778,1,1,2,0,179,-22,34,144,0,6,0,0,0,0,0,0,-32290,0,0,0,0,0,1733874,0
1733883,-738,-946,-8044,-2,14,9,-16779,-4,-1,2,0,178,-24,34,144,0,6,0,0,0,0,0,0,-32290,0,0,0,0,0,1733879,0
1733888,-706,-918,-8082,-3,7,12,-16778,3,-3,1,0,178,-24,34,144,0,6,0,0,0,0,0,0,-32290,0,0,0,0,0,1733884,0
1733893,-754,-918,-8072,1,10,13,-16779,0,0,2,0,177,-34,34,144,0,6,0,0,0,0,0,0,-32290,0,0,0,0,0,1733889,0
1733898,-758,-930,-8074,-2,15,4,-16779,1,-1,1,0,177,-34,34,144,0,6,0,0,0,0,0,0,-32290,0,0,0,0,0,1733894,0
1733903,-718,-948,-8084,-5,12,5,-16778,-6,1,0,0,178,-22,34,144,0,6,0,0,0,0,0,0,-32289,0,0,0,0,0,1733899,0
1733908,-736,-934,-8106,5,15,7,-16778,0,2,1,0,178,-22,34,144,0,6,0,0,0,0,0,0,-32290,0,0,0,0,0,1733904,0
1733913,-734,-936,-8056,2,16,8,-16778,7,2,1,0,180,-32,34,144,0,6,0,0,0,0,0,0,-32290,0,0,0,0,0,1733909,0
1733918,-742,-954,-8078,1,19,4,-16779,2,-2,-1,0,180,-32,34,144,0,6,0,0,0,0,0,0,-32290,0,0,0,0,0,1733914,0
1733923,-730,-972,-8064,-2,13,7,-16779,0,-4,-1,0,181,-12,34,144,0,6,0,0,0,0,0,0,-32290,0,0,0,0,0,1733919,0
1733928,-748,-952,-8082,-3,14,11,-16778,4,4,2,0,181,-12,34,144,0,6,0,0,0,0,0,0,-32290,0,0,0,0,0,1733924,0
1733933,-728,-946,-8082,-5,12,12,-16778,5,4,1,0,181,-6,34,144,0,6,0,0,0,0,0,0,-32290,0,0,0,0,0,1733929,0
1733938,-744,-932,-8062,-2,13,11,-16779,2,1,-1,0,181,-6,34,144,0,6,0,0,0,0,0,0,-32290,0,0,0,0,0,1733934,0
1733943,-740,-968,-8082,-8,11,8,-16779,-1,-3,1,0,179,-4,34,144,0,6,0,0,0,0,0,0,-32290,0,0,0,0,0,1733939,0
1733948,-728,-946,-8068,-3,13,8,-16778,11,0,1,0,179,-4,34,144,0,6,0,0,0,0,0,0,-32290,0,0,0,0,0,1733944,0
1733953,-744,-976,-8070,3,17,7,-16779,2,0,0,0,176,-27,34,144,0,6,0,0,0,0,0,0,-32290,0,0,0,0,0,1733949,0
1733958,-726,-980,-8072,0,16,13,-16779,-6,-1,3,0,176,-27,34,144,0,6,0,0,0,0,0,0,-32290,0,0,0,0,0,1733954,0
1733963,-718,-948,-8058,1,17,9,-16779,1,0,2,0,177,-39,34,144,0,6,0,0,0,0,0,0,-32290,0,0,0,0,0,1733959,0
1733968,-726,-960,-8068,1,13,4,-16778,5,1,0,0,177,-39,34,144,0,6,0,0,0,0,0,0,-32290,0,0,0,0,0,1733964,0
1733973,-728,-964,-8052,-4,13,10,-16779,-2,2,1,0,179,-49,34,144,0,6,0,0,0,0,0,0,-32290,0,0,0,0,0,1733969,0
1733978,-712,-928,-8086,-5,18,9,-16777,5,1,3,0,179,-49,34,144,0,6,0,0,0,0,0,0,-32290,0,0,0,0,0,1733974,0
1733983,-742,-934,-8080,1,13,10,-16779,-1,2,0,0,179,-37,34,144,0,6,0,0,0,0,0,0,-32290,0,0,0,0,0,1733979,0
1733988,-746,-952,-8096,5,14,6,-16779,1,3,0,0,179,-37,34,144,0,6,0,0,0,0,0,0,-32290,0,0,0,0,0,1733984,0
1733993,-762,-946,-8062,4,17,12,-16778,5,-2,1,0,180,-39,34,144,0,6,0,0,0,0,0,0,-32290,0,0,0,0,0,1733989,0
1733998,-722,-948,-8056,-4,17,9,-16779,0,6,0,0,180,-39,34,144,0,6,0,0,0,0,0,0,-32290,0,0,0,0,0,1733994,0
1734003,-732,-932,-8048,-4,14,11,-16779,0,3,1,0,180,-39,34,144,0,6,0,0,0,0,0,0,-32290,0,0,0,0,0,1733999,0
1734008,-726,-920,-8040,1,17,11,-16779,0,0,1,0,180,-39,34,144,0,6,0,0,0,0,0,0,-32290,0,0,0,0,0,1734004,0
1734013,-734,-930,-8076,-1,12,8,-16779,0,-1,1,0,178,-57,34,144,0,6,0,0,0,0,0,0,-32290,0,0,0,0,0,1734009,0
1734018,-730,-970,-8054,0,17,7,-16778,-1,-2,0,0,178,-57,34,144,0,6,0,0,0,0,0,0,-32290,0,0,0,0,0,1734014,0
1734023,-702,-908,-8036,-5,11,9,-16779,1,-1,2,0,179,-43,34,144,0,6,0,0,0,0,0,0,-32290,0,0,0,0,0,1734019,0
1734028,-712,-952,-8070,-6,11,12,-16779,-2,0,2,0,179,-43,34,144,0,6,0,0,0,0,0,0,-32290,0,0,0,0,0,1734024,0
1734033,-752,-944,-8066,-2,15,16,-16778,1,-3,0,0,176,-43,34,144,0,6,0,0,0,0,0,0,-32290,0,0,0,0,0,1734029,0
1734038,-728,-918,-8078,1,14,7,-16779,-4,1,2,0,176,-43,34,144,0,6,0,0,0,0,0,0,-32290,0,0,0,0,0,1734034,0
1734043,-720,-950,-8092,3,14,6,-16779,-3,1,1,0,179,-22,34,144,0,6,0,0,0,0,0,0,-32290,0,0,0,0,0,1734039,0
1734048,-692,-936,-8072,3,12,9,-16779,-2,0,1,0,179,-22,34,144,0,6,0,0,0,0,0,0,-32290,0,0,0,0,0,1734044,0
1734053,-710,-956,-8070,-2,12,6,-16778,2,-1,0,0,178,-28,34,144,0,6,0,0,0,0,0,0,-32290,0,0,0,0,0,1734049,0
1734058,-728,-936,-8088,-2,20,6,-16778,0,1,0,0,178,-28,34,144,0,6,0,0,0,0,0,0,-32290,0,0,0,0,0,1734054,0
1734063,-732,-962,-8058,-2,11,10,-16779,-5,2,2,0,181,-19,34,144,0,6,0,0,0,0,0,0,-32290,0,0,0,0,0,1734059,0
1734068,-736,-954,-8066,-4,18,12,-16779,-1,0,0,0,181,-19,34,144,0,6,0,0,0,0,0,0,-32290,0,0,0,0,0,1734064,0
1734073,-728,-936,-8078,5,10,10,-16779,-5,-1,0,0,181,-23,34,144,0,6,0,0,0,0,0,0,-32290,0,0,0,0,0,1734069,0
1734078,-736,-944,-8056,6,14,9,-16778,2,-2,3,0,181,-23,34,144,0,6,0,0,0,0,0,0,-32291,0,0,0,0,0,1734074,0
1734083,-716,-940,-8056,1,15,5,-16778,3,-1,2,0,183,-27,34,144,0,6,0,0,0,0,0,0,-32290,0,0,0,0,0,1734079,0
1734088,-734,-966,-8064,-8,11,9,-16780,-6,3,2,0,183,-27,34,144,0,6,0,0,0,0,0,0,-32290,0,0,0,0,0,1734084,0
1734093,-712,-918,-8088,1,13,6,-16779,-3,1,2,0,180,-47,34,144,0,6,0,0,0,0,0,0,-32290,0,0,0,0,0,1734089,0
1734098,-718,-934,-8104,-5,15,9,-16779,-5,2,2,0,180,-47,34,144,0,6,0,0,0,0,0,0,-32290,0,0,0,0,0,1734094,0
1734103,-714,-960,-8092,0,14,8,-16778,7,1,1,0,178,-45,34,144,0,6,0,0,0,0,0,0,-32290,0,0,0,0,0,1734099,0
1734108,-728,-938,-8078,0,16,8,-16779,-6,4,-1,0,178,-45,34,144,0,6,0,0,0,0,0,0,-32290,0,0,0,0,0,1734104,0
1734113,-748,-928,-8070,1,15,9,-16779,-1,-1,-1,0,178,-45,34,144,0,6,0,0,0,0,0,0,-32290,0,0,0,0,0,1734109,0
1734118,-742,-930,-8064,2,18,10,-16778,1,0,0,0,178,-45,34,144,0,6,0,0,0,0,0,0,-32290,0,0,0,0,0,1734114,0
1734123,-720,-942,-8052,2,15,7,-16779,0,5,1,0,180,-26,34,144,0,6,0,0,0,0,0,0,-32290,0,0,0,0,0,1734119,0
1734128,-694,-958,-8060,-2,18,12,-16779,-3,-1,1,0,180,-26,34,144,0,6,0,0,0,0,0,0,-32290,0,0,0,0,0,1734124,0
1734133,-722,-940,-8058,3,15,9,-16779,-6,-1,1,0,181,-35,34,144,0,6,0,0,0,0,0,0,-32290,0,0,0,0,0,1734129,0
1734138,-726,-942,-8048,-4,10,10,-16778,0,2,1,0,181,-35,34,144,0,6,0,0,0,0,0,0,-32290,0,0,0,0,0,1734134,0
1734143,-730,-966,-8056,0,17,8,-16779,1,1,3,0,179,-39,34,144,0,6,0,0,0,0,0,0,-32290,0,0,0,0,0,1734139,0
1734148,-716,-956,-8056,-5,16,11,-16778,0,-1,0,0,179,-39,34,144,0,6,0,0,0,0,0,0,-32290,0,0,0,0,0,1734144,0
1734153,-722,-956,-8068,1,14,10,-16779,-5,-5,-2,0,180,-51,34,144,0,6,0,0,0,0,0,0,-32290,0,0,0,0,0,1734149,0
1734158,-732,-920,-8092,1,17,10,-16777,0,1,0,0,180,-51,34,144,0,6,0,0,0,0,0,0,-32290,0,0,0,0,0,1734154,0
1734163,-736,-936,-8068,3,14,4,-16779,4,-1,1,0,181,-57,34,144,0,6,0,0,0,0,0,0,-32290,0,0,0,0,0,1734159,0
1734168,-762,-958,-8054,2,14,14,-16778,5,3,0,0,181,-57,34,144,0,6,0,0,0,0,0,0,-32291,0,0,0,0,0,1734164,0
1734173,-712,-964,-8068,-5,16,12,-16777,0,-4,-1,0,180,-48,34,144,0,6,0,0,0,0,0,0,-32290,0,0,0,0,0,1734169,0
1734178,-712,-970,-8072,-1,14,10,-16779,-2,0,2,0,180,-48,34,144,0,6,0,0,0,0,0,0,-32290,0,0,0,0,0,1734174,0
1734183,-728,-962,-8066,-3,13,13,-16779,0,-1,1,0,177,-48,34,144,0,6,0,0,0,0,0,0,-32290,0,0,0,0,0,1734179,0
1734188,-724,-944,-8070,1,11,11,-16780,-8,-7,1,0,177,-48,34,144,0,6,0,0,0,0,0,0,-32291,0,0,0,0,0,1734184,0
1734193,-736,-944,-8084,-1,19,6,-16779,0,2,1,0,179,-47,34,144,0,6,0,0,0,0,0,0,-32290,0,0,0,0,0,1734189,0
1734198,-736,-960,-8072,-2,11,10,-16779,5,5,0,0,179,-47,34,144,0,6,0,0,0,0,0,0,-32290,0,0,0,0,0,1734194,0
1734203,-718,-960,-8082,0,12,13,-16778,0,2,-1,0,179,-39,34,144,0,6,0,0,0,0,0,0,-32290,0,0,0,0,0,1734199,0
1734208,-758,-950,-8086,-2,13,7,-16778,4,-1,0,0,179,-39,34,144,0,6,0,0,0,0,0,0,-32290,0,0,0,0,0,1734204,0
1734213,-746,-956,-8076,-2,17,13,-16778,0,2,1,0,182,-41,34,144,0,6,0,0,0,0,0,0,-32290,0,0,0,0,0,1734209,0
1734218,-762,-938,-8078,-4,16,8,-16778,3,2,0,0,182,-41,34,144,0,6,0,0,0,0,0,0,-32290,0,0,0,0,0,1734214,0
1734223,-716,-942,-8070,2,11,8,-16778,-2,-5,0,0,181,-38,34,144,0,6,0,0,0,0,0,0,-32291,0,0,0,0,0,1734219,0
1734228,-724,-896,-8060,-1,18,12,-16778,3,-2,4,0,181,-38,34,144,0,6,0,0,0,0,0,0,-32290,0,0,0,0,0,1734224,0
1734233,-714,-938,-8076,-2,9,6,-16778,0,-3,3,0,180,-36,34,144,0,6,0,0,0,0,0,0,-32290,0,0,0,0,0,1734229,0
1734238,-730,-914,-8076,2,13,12,-16778,4,0,0,0,180,-36,34,144,0,6,0,0,0,0,0,0,-32290,0,0,0,0,0,1734234,0
1734243,-744,-934,-8066,0,12,6,-16779,-3,0,1,0,180,-27,34,144,0,6,0,0,0,0,0,0,-32290,0,0,0,0,0,1734239,0
1734248,-698,-938,-8096,-2,17,14,-16778,4,1,1,0,180,-27,34,144,0,6,0,0,0,0,0,0,-32290,0,0,0,0,0,1734244,0
1734253,-736,-916,-8064,-1,14,5,-16779,0,2,0,0,180,-17,34,144,0,6,0,0,0,0,0,0,-32291,0,0,0,0,0,1734249,0
1734258,-710,-942,-8092,-4,13,13,-16779,1,-1,1,0,180,-17,34,144,0,6,0,0,0,0,0,0,-32290,0,0,0,0,0,1734254,0
1734263,-750,-954,-8072,3,16,9,-16778,3,-4,0,0,181,-19,34,144,0,6,0,0,0,0,0,0,-32290,0,0,0,0,0,1734259,0
1734268,-736,-932,-8074,0,17,11,-16778,-1,2,0,0,181,-19,34,144,0,6,0,0,0,0,0,0,-32290,0,0,0,0,0,1734264,0
1734273,-734,-962,-8090,0,16,11,-16779,2,0,0,0,181,-19,34,144,0,6,0,0,0,0,0,0,-32290,0,0,0,0,0,1734269,0
1734278,-738,-932,-8076,2,18,4,-16779,0,-2,2,0,181,-19,34,144,0,6,0,0,0,0,0,0,-32290,0,0,0,0,0,1734274,0
1734283,-718,-960,-8078,0,17,7,-16778,3,-3,0,0,179,-22,34,144,0,6,0,0,0,0,0,0,-32290,0,0,0,0,0,1734279,0
1734288,-728,-942,-8054,0,14,8,-16779,1,2,1,0,179,-22,34,144,0,6,0,0,0,0,0,0,-32290,0,0,0,0,0,1734284,0
1734293,-710,-952,-8062,4,17,8,-16779,1,3,3,0,176,-22,34,144,0,6,0,0,0,0,0,0,-32290,0,0,0,0,0,1734289,0
1734298,-718,-968,-8042,-2,11,13,-16779,-2,-4,1,0,176,-22,34,144,0,6,0,0,0,0,0,0,-32290,0,0,0,0,0,1734294,0
1734303,-724,-958,-8084,-5,17,11,-16779,1,3,0,0,177,-37,34,144,0,6,0,0,0,0,0,0,-32290,0,0,0,0,0,1734299,0
1734308,-706,-962,-8058,-3,13,14,-16779,0,2,0,0,177,-37,34,144,0,6,0,0,0,0,0,0,-32290,0,0,0,0,0,1734304,0
1734313,-708,-948,-8072,-6,19,9,-16778,-1,-5,2,0,177,-50,34,144,0,6,0,0,0,0,0,0,-32290,0,0,0,0,0,1734309,0
1734318,-718,-930,-8072,2,13,7,-16778,9,1,0,0,177,-50,34,144,0,6,0,0,0,0,0,0,-32290,0,0,0,0,0,1734314,0
1734323,-724,-954,-8078,-2,14,12,-16778,5,2,2,0,177,-42,34,144,0,6,0,0,0,0,0,0,-32290,0,0,0,0,0,1734319,0
1734328,-742,-940,-8084,2,11,9,-16779,-5,-3,3,0,177,-42,34,144,0,6,0,0,0,0,0,0,-32290,0,0,0,0,0,1734324,0
1734333,-740,-950,-8082,-3,14,10,-16779,2,1,0,0,177,-37,34,144,0,6,0,0,0,0,0,0,-32290,0,0,0,0,0,1734329,0
1734338,-728,-954,-8082,-2,12,6,-16779,0,-2,-2,0,177,-37,34,144,0,6,0,0,0,0,0,0,-32290,0,0,0,0,0,1734334,0
1734343,-718,-962,-8074,1,15,6,-16779,-2,-1,3,0,176,-27,34,144,0,6,0,0,0,0,0,0,-32290,0,0,0,0,0,1734339,0
1734348,-742,-960,-8088,1,12,6,-16779,2,1,2,0,176,-27,34,144,0,6,0,0,0,0,0,0,-32290,0,0,0,0,0,1734344,0
1734353,-750,-920,-8082,-2,12,7,-16778,2,1,2,0,179,-30,34,144,0,6,0,0,0,0,0,0,-32290,0,0,0,0,0,1734349,0
1734358,-736,-920,-8066,-4,14,16,-16778,-4,-2,2,0,179,-30,34,144,0,6,0,0,0,0,0,0,-32290,0,0,0,0,0,1734354,0
1734363,-746,-922,-8072,-3,16,12,-16779,0,-1,0,0,181,-21,34,144,0,6,0,0,0,0,0,0,-32290,0,0,0,0,0,1734359,0
1734368,-746,-942,-8064,-2,13,6,-16779,0,0,-1,0,181,-21,34,144,0,6,0,0,0,0,0,0,-32290,0,0,0,0,0,1734364,0
1734373,-746,-918,-8086,1,14,11,-16779,-1,-4,0,0,180,-19,34,144,0,6,0,0,0,0,0,0,-32290,0,0,0,0,0,1734369,0
1734378,-756,-938,-8068,0,13,14,-16778,4,1,0,0,180,-19,34,144,0,6,0,0,0,0,0,0,-32291,0,0,0,0,0,1734374,0
1734383,-706,-928,-8052,-4,12,11,-16778,2,2,0,0,181,-12,34,144,0,6,0,0,0,0,0,0,-32290,0,0,0,0,0,1734379,0
1734388,-724,-946,-8082,-2,15,10,-16777,5,-1,1,0,181,-12,34,144,0,6,0,0,0,0,0,0,-32290,0,0,0,0,0,1734384,0
1734393,-724,-952,-8044,-4,12,13,-16778,3,-1,3,0,179,-29,34,144,0,6,0,0,0,0,0,0,-32290,0,0,0,0,0,1734389,0
1734398,-756,-958,-8080,-2,16,5,-16779,-1,-3,1,0,179,-29,34,144,0,6,0,0,0,0,0,0,-32289,0,0,0,0,0,1734394,0
1734403,-758,-964,-8088,-3,14,6,-16779,0,-1,0,0,181,-35,34,144,0,6,0,0,0,0,0,0,-32290,0,0,0,0,0,1734399,0
1734408,-718,-958,-8090,2,14,9,-16778,3,-1,1,0,181,-35,34,144,0,6,0,0,0,0,0,0,-32290,0,0,0,0,0,1734404,0
1734413,-742,-968,-8072,-1,16,10,-16777,5,-1,4,0,184,-42,34,144,0,6,0,0,0,0,0,0,-32289,0,0,0,0,0,1734409,0
1734418,-732,-912,-8078,0,10,3,-16777,4,1,2,0,184,-42,34,144,0,6,0,0,0,0,0,0,-32290,0,0,0,0,0,1734414,0
1734423,-732,-932,-8094,1,17,11,-16780,-5,0,1,0,184,-48,34,144,0,6,0,0,0,0,0,0,-32290,0,0,0,0,0,1734419,0
1734428,-718,-968,-8038,-4,15,12,-16778,-4,-4,0,0,184,-48,34,144,0,6,0,0,0,0,0,0,-32291,0,0,0,0,0,1734424,0
1734433,-744,-942,-8066,0,14,5,-16778,5,-4,0,0,180,-64,34,144,0,6,0,0,0,0,0,0,-32290,0,0,0,0,0,1734429,0
1734438,-756,-930,-8064,2,11,6,-16779,0,2,-2,0,180,-64,34,144,0,6,0,0,0,0,0,0,-32291,0,0,0,0,0,1734434,0
1734443,-748,-964,-8068,-1,14,9,-16779,0,2,3,0,179,-55,34,144,0,6,0,0,0,0,0,0,-32290,0,0,0,0,0,1734439,0
1734448,-748,-974,-8066,0,17,7,-16779,0,-2,1,0,179,-55,34,144,0,6,0,0,0,0,0,0,-32290,0,0,0,0,0,1734444,0
1734453,-714,-950,-8070,1,16,8,-16778,-2,3,0,0,179,-42,34,144,0,6,0,0,0,0,0,0,-32291,0,0,0,0,0,1734449,0
1734458,-708,-954,-8050,2,17,7,-16778,3,1,1,0,179,-42,34,144,0,6,0,0,0,0,0,0,-32291,0,0,0,0,0,1734454,0
1734463,-728,-936,-8052,-1,13,7,-16778,6,0,1,0,178,-39,34,144,0,6,0,0,0,0,0,0,-32290,0,0,0,0,0,1734459,0
1734468,-730,-978,-8074,-2,12,2,-16779,0,2,0,0,178,-39,34,144,0,6,0,0,0,0,0,0,-32291,0,0,0,0,0,1734464,0
1734473,-730,-948,-8074,1,13,8,-16779,-4,1,1,0,177,-56,34,144,0,6,0,0,0,0,0,0,-32290,0,0,0,0,0,1734469,0
1734478,-736,-936,-8080,-1,16,11,-16778,0,-1,2,0,177,-56,34,144,0,6,0,0,0,0,0,0,-32290,0,0,0,0,0,1734474,0
1734483,-732,-896,-8054,-1,14,14,-16779,1,1,1,0,177,-50,34,144,0,6,0,0,0,0,0,0,-32290,0,0,0,0,0,1734479,0
1734488,-740,-940,-8090,5,16,8,-16778,0,2,1,0,177,-50,34,144,0,6,0,0,0,0,0,0,-32291,0,0,0,0,0,1734484,0
1734493,-720,-916,-8070,-5,15,9,-16778,1,3,3,0,179,-41,34,144,0,6,0,0,0,0,0,0,-32290,0,0,0,0,0,1734489,0
1734498,-718,-936,-8074,4,10,10,-16779,-5,2,0,0,179,-41,34,144,0,6,0,0,0,0,0,0,-32290,0,0,0,0,0,1734494,0
1734503,-714,-948,-8068,-1,15,10,-16779,1,2,0,0,178,-28,34,144,0,6,0,0,0,0,0,0,-32290,0,0,0,0,0,1734499,0
1734508,-726,-918,-8050,0,15,9,-16780,-3,-2,2,0,178,-28,34,144,0,6,0,0,0,0,0,0,-32291,0,0,0,0,0,1734504,0
1734513,-746,-970,-8068,4,16,12,-16779,-4,2,4,0,179,-23,34,144,0,6,0,0,0,0,0,0,-32290,0,0,0,0,0,1734509,0
1734518,-736,-932,-8042,1,19,9,-16779,5,1,0,0,179,-23,34,144,0,6,0,0,0,0,0,0,-32291,0,0,0,0,0,1734514,0
1734523,-752,-944,-8078,-1,19,9,-16780,-5,-2,-3,0,178,-65,34,144,0,6,0,0,0,0,0,0,-32290,0,0,0,0,0,1734519,0
1734528,-696,-922,-8088,-3,13,6,-16779,-1,3,-4,0,178,-65,34,144,0,6,0,0,0,0,0,0,-32291,0,0,0,0,0,1734523,0
1734533,-738,-966,-8078,0,17,11,-16778,-1,2,-2,0,180,-67,34,144,0,6,0,0,0,0,0,0,-32289,0,0,0,0,0,1734531,0
1734538,-730,-968,-8060,4,19,9,-16779,0,1,7,0,180,-67,34,144,0,6,0,0,0,0,0,0,-32290,0,0,0,0,0,1734536,0
1734543,-738,-956,-8076,1,16,10,-16778,3,2,4,0,178,-69,34,144,0,6,0,0,0,0,0,0,-32290,0,0,0,0,0,1734541,0
1734548,-692,-978,-8068,-7,11,11,-16778,1,3,0,0,178,-69,34,144,0,6,0,0,0,0,0,0,-32290,0,0,0,0,0,1734546,0
1734553,-720,-938,-8046,-4,17,7,-16778,0,-2,2,0,175,-68,34,144,0,6,0,0,0,0,0,0,-32290,0,0,0,0,0,1734551,0
1734558,-722,-922,-8056,-7,11,8,-16778,1,3,1,0,175,-68,34,144,0,6,0,0,0,0,0,0,-32290,0,0,0,0,0,1734556,0
1734563,-746,-952,-8104,-1,14,10,-16779,-2,0,1,0,175,-67,34,144,0,6,0,0,0,0,0,0,-32290,0,0,0,0,0,1734561,0
1734568,-744,-968,-8044,0,10,8,-16779,-10,-1,0,0,175,-67,34,144,0,6,0,0,0,0,0,0,-32290,0,0,0,0,0,1734566,0
1734573,-732,-948,-8048,-4,18,12,-16778,3,-1,0,0,174,-71,34,144,0,6,0,0,0,0,0,0,-32290,0,0,0,0,0,1734571,0
1734578,-722,-956,-8074,5,14,7,-16778,1,0,0,0,174,-71,34,144,0,6,0,0,0,0,0,0,-32290,0,0,0,0,0,1734576,0
1734583,-746,-950,-8088,-8,10,8,-16779,1,0,0,0,177,-75,34,144,0,6,0,0,0,0,0,0,-32290,0,0,0,0,0,1734581,0
1734588,-750,-952,-8030,-1,21,7,-16779,-5,0,1,0,177,-75,34,144,0,6,0,0,0,0,0,0,-32290,0,0,0,0,0,1734586,0
1734593,-718,-908,-8048,9,18,11,-16778,2,5,2,0,175,-74,34,144,0,6,0,0,0,0,0,0,-32290,0,0,0,0,0,1734591,0
1734598,-724,-950,-8080,5,17,10,-16778,-1,1,0,0,175,-74,34,144,0,6,0,0,0,0,0,0,-32290,0,0,0,0,0,1734596,0
1734603,-732,-950,-8078,-2,11,7,-16779,0,-2,0,0,178,-66,34,144,0,6,0,0,0,0,0,0,-32290,0,0,0,0,0,1734601,0
1734608,-760,-914,-8058,-5,14,13,-16779,-2,1,2,0,178,-66,34,144,0,6,0,0,0,0,0,0,-32290,0,0,0,0,0,1734606,0
1734613,-752,-962,-8062,-2,18,8,-16778,2,3,2,0,178,-64,34,144,0,6,0,0,0,0,0,0,-32290,0,0,0,0,0,1734611,0
1734618,-742,-932,-8104,1,14,8,-16779,-1,1,0,0,178,-64,34,144,0,6,0,0,0,0,0,0,-32290,0,0,0,0,0,1734616,0
1734623,-714,-930,-8078,2,19,7,-16779,-1,0,3,0,181,-31,34,144,0,6,0,0,0,0,0,0,-32290,0,0,0,0,0,1734621,0
1734628,-722,-954,-8092,0,13,10,-16777,9,0,3,0,181,-31,34,144,0,6,0,0,0,0,0,0,-32289,0,0,0,0,0,1734626,0
1734633,-716,-960,-8072,-2,13,10,-16779,-1,-1,2,0,182,-10,34,144,0,6,0,0,0,0,0,0,-32290,0,0,0,0,0,1734630,0
1734638,-710,-942,-8078,-6,13,12,-16778,0,-1,2,0,182,-10,34,144,0,6,0,0,0,0,0,0,-32290,0,0,0,0,0,1734635,0
1734643,-722,-956,-8058,-1,10,8,-16780,0,-2,4,0,179,-23,34,144,0,6,0,0,0,0,0,0,-32290,0,0,0,0,0,1734640,0
1734648,-734,-940,-8078,4,15,6,-16778,7,3,2,0,179,-23,34,144,0,6,0,0,0,0,0,0,-32290,0,0,0,0,0,1734645,0
1734653,-760,-928,-8076,-1,15,3,-16778,2,-3,1,0,178,-32,34,144,0,6,0,0,0,0,0,0,-32290,0,0,0,0,0,1734650,0
1734658,-744,-956,-8062,2,18,8,-16780,-10,1,1,0,178,-32,34,144,0,6,0,0,0,0,0,0,-32290,0,0,0,0,0,1734655,0
1734663,-744,-950,-8040,1,12,7,-16777,6,-1,0,0,179,-26,34,144,0,6,0,0,0,0,0,0,-32290,0,0,0,0,0,1734660,0
1734668,-722,-956,-8066,-4,12,9,-16779,4,0,0,0,179,-26,34,144,0,6,0,0,0,0,0,0,-32290,0,0,0,0,0,1734665,0
1734673,-704,-964,-8080,-4,19,11,-16777,2,2,-4,0,181,-22,34,144,0,6,0,0,0,0,0,0,-32290,0,0,0,0,0,1734670,0
1734678,-740,-962,-8086,2,12,9,-16778,0,-3,0,0,181,-22,34,144,0,6,0,0,0,0,0,0,-32289,0,0,0,0,0,1734675,0
1734683,-750,-940,-8098,-2,10,8,-16779,1,1,0,0,181,-20,34,144,0,6,0,0,0,0,0,0,-32290,0,0,0,0,0,1734680,0
1734688,-726,-930,-8078,1,19,9,-16778,0,0,2,0,181,-20,34,144,0,6,0,0,0,0,0,0,-32290,0,0,0,0,0,1734685,0
1734693,-708,-958,-8046,2,14,12,-16780,0,1,3,0,179,-34,34,144,0,6,0,0,0,0,0,0,-32290,0,0,0,0,0,1734690,0
1734698,-716,-944,-8050,2,15,6,-16779,-2,2,2,0,179,-34,34,144,0,6,0,0,0,0,0,0,-32290,0,0,0,0,0,1734695,0
1734703,-732,-946,-8056,-5,14,13,-16778,4,-2,2,0,180,-38,34,144,0,6,0,0,0,0,0,0,-32291,0,0,0,0,0,1734700,0
1734708,-742,-960,-8088,1,12,12,-16778,6,4,2,0,180,-38,34,144,0,6,0,0,0,0,0,0,-32290,0,0,0,0,0,1734705,0
1734713,-744,-950,-8082,-5,13,8,-16779,-4,0,1,0,181,-32,34,144,0,6,0,0,0,0,0,0,-32290,0,0,0,0,0,1734710,0
1734718,-742,-940,-8068,9,13,7,-16779,1,-2,0,0,181,-32,34,144,0,6,0,0,0,0,0,0,-32290,0,0,0,0,0,1734715,0
1734723,-720,-930,-8064,4,16,10,-16778,0,0,0,0,181,-34,34,144,0,6,0,0,0,0,0,0,-32290,0,0,0,0,0,1734720,0
1734728,-754,-960,-8064,-1,15,8,-16778,-1,0,3,0,181,-34,34,144,0,6,0,0,0,0,0,0,-32290,0,0,0,0,0,1734725,0
1734733,-756,-936,-8064,-1,12,13,-16779,1,0,3,0,178,-32,34,144,0,6,0,0,0,0,0,0,-32290,0,0,0,0,0,1734731,0
1734738,-706,-940,-8084,-3,10,13,-16779,0,-1,-1,0,178,-32,34,144,0,6,0,0,0,0,0,0,-32290,0,0,0,0,0,1734736,0
1734743,-702,-932,-8086,1,16,7,-16778,0,-1,-1,0,176,-41,34,144,0,6,0,0,0,0,0,0,-32291,0,0,0,0,0,1734751,0
1734748,-732,-954,-8068,4,17,10,-16778,5,0,-3,0,176,-41,34,144,0,6,0,0,0,0,0,0,-32290,0,0,0,0,0,1734756,0
1734753,-714,-934,-8054,-5,16,8,-16779,-3,1,-2,0,179,-46,34,144,0,6,0,0,0,0,0,0,-32290,0,0,0,0,0,1734771,0
1734758,-716,-966,-8058,-1,14,7,-16779,3,1,0,0,179,-46,34,144,0,6,0,0,0,0,0,0,-32291,0,0,0,0,0,1734776,0
1734763,-710,-944,-8062,-3,13,14,-16778,1,-3,0,0,179,-37,34,144,0,6,0,0,0,0,0,0,-32290,0,0,0,0,0,1734791,0
1734768,-740,-968,-8078,-3,12,11,-16779,1,-1,1,0,179,-37,34,144,0,6,0,0,0,0,0,0,-32290,0,0,0,0,0,1734796,0
1734773,-724,-958,-8076,1,14,14,-16779,-1,2,0,0,181,-27,34,144,0,6,0,0,0,0,0,0,-32290,0,0,0,0,0,1734811,0
1734778,-730,-968,-8054,0,14,7,-16779,2,1,0,0,181,-27,34,144,0,6,0,0,0,0,0,0,-32290,0,0,0,0,0,1734816,0
1734783,-722,-960,-8080,0,18,12,-16779,1,6,1,0,179,-24,34,144,0,6,0,0,0,0,0,0,-32290,0,0,0,0,0,1734831,0
1734788,-738,-952,-8054,-2,11,9,-16779,1,0,0,0,179,-24,34,144,0,6,0,0,0,0,0,0,-32290,0,0,0,0,0,1734836,0
1734793,-738,-956,-8070,1,14,10,-16778,-2,-2,1,0,176,-33,34,144,0,6,0,0,0,0,0,0,-32290,0,0,0,0,0,1734850,0
1734798,-742,-932,-8084,0,15,14,-16780,-7,-1,0,0,176,-33,34,144,0,6,0,0,0,0,0,0,-32290,0,0,0,0,0,1734855,0
1734803,-730,-938,-8056,-6,11,11,-16778,1,1,0,0,176,-39,34,144,0,6,0,0,0,0,0,0,-32290,0,0,0,0,0,1734870,0
1734808,-708,-948,-8066,-4,18,9,-16779,-4,-3,0,0,176,-39,34,144,0,6,0,0,0,0,0,0,-32290,0,0,0,0,0,1734875,0
1734813,-750,-948,-8064,-5,10,9,-16778,0,1,1,0,176,-33,34,144,0,6,0,0,0,0,0,0,-32290,0,0,0,0,0,1734890,0
1734818,-716,-946,-8068,-3,13,7,-16778,0,-1,1,0,176,-33,34,144,0,6,0,0,0,0,0,0,-32290,0,0,0,0,0,1734895,0
1734823,-732,-924,-8048,2,12,8,-16779,-3,-1,0,0,178,-19,34,144,0,6,0,0,0,0,0,0,-32290,0,0,0,0,0,1734910,0
1734828,-746,-926,-8080,2,11,12,-16779,-1,-1,1,0,178,-19,34,144,0,6,0,0,0,0,0,0,-32290,0,0,0,0,0,1734915,0
1734833,-730,-924,-8100,-4,11,9,-16779,2,0,0,0,180,-19,34,144,0,6,0,0,0,0,0,0,-32290,0,0,0,0,0,1734930,0
1734838,-722,-966,-8082,-1,12,12,-16779,-3,4,1,0,180,-19,34,144,0,6,0,0,0,0,0,0,-32290,0,0,0,0,0,1734935,0
