state_time,loop_time,accel_x,accel_y,accel_z,gyro_x,gyro_y,gyro_z,motor_angle,motor_velocity,motor_current,hip_angle,hip_velocity,hip_torque_from_current,did_heel_strike,gait_phase,did_toe_off,commanded_current,commanded_position,commanded_torque,commanded_voltage,temperature
46.824,0.00496801700001015,0.924072265625,0.2919921875,-0.22119140625,-1.9541984732824427,-1.0076335877862594,-0.5801526717557252,6409,2,-21,3.544671156363531,0.0236872533314301,-0.022680000000000002,False,,False,0,,0,,27
47.024,0.20679505399999698,0.925537109375,0.29541015625,-0.22216796875,-0.9465648854961831,-0.732824427480916,-0.8549618320610687,6410,3,0,3.542199232535406,-1.9122671236550077,0.0,False,,False,0,,0,,27
47.229,0.4084249740000132,0.921142578125,0.295654296875,-0.21337890625,-0.33587786259541985,-1.099236641221374,-0.24427480916030533,6409,-3,1,3.544671156363531,-8.78939443396802,0.00108,False,,True,0,,0,,27
47.429,0.6101594300000102,0.925048828125,0.30078125,-0.219970703125,-0.24427480916030533,-0.33587786259541985,-0.2748091603053435,6410,0,0,3.542199232535406,-20.1862311113433,0.0,False,,False,0,,0,,27
47.629,0.8118721639999933,0.919677734375,0.30078125,-0.22412109375,0.0916030534351145,0.0,0.0,6408,-6,0,3.547143080191656,-33.61347174693043,0.0,False,,False,0,,0,,27
47.834,1.013835601000011,0.923828125,0.294921875,-0.227294921875,1.4961832061068703,1.7099236641221374,-1.3129770992366412,6409,1,1,3.544671156363531,-47.26399802400614,0.00108,False,,False,0,,0,,27
48.034,1.2151790820000201,0.907470703125,0.3125,-0.219970703125,4.702290076335878,5.526717557251908,-3.8167938931297707,6409,1,0,3.544671156363531,-59.914142214391184,0.0,False,,False,0,,0,,27
48.234,1.4168073680000077,0.924072265625,0.314208984375,-0.195556640625,2.8396946564885495,2.595419847328244,-5.740458015267175,6345,-55,-2,3.702874281363531,-70.93831098507444,-0.00216,False,,False,0,,0,,27
48.434,1.6183090610000193,0.919677734375,0.288818359375,-0.206298828125,2.4732824427480917,6.290076335877862,-5.068702290076335,6342,9,0,3.710290052847906,-80.06465821099262,0.0,False,,False,0,,0,,27
48.639,1.8198660700000175,0.92333984375,0.325439453125,-0.197265625,3.3893129770992365,6.687022900763359,-3.3893129770992365,6341,0,0,3.712761976676031,-87.20809998887486,0.0,False,,False,0,,0,,27
48.839,2.021389948999996,0.940673828125,0.3271484375,-0.167236328125,11.053435114503817,14.045801526717558,-7.297709923664121,6342,-1,0,3.710290052847906,-92.47509884570918,0.0,False,,False,0,,0,,27
49.039,2.222987073000013,0.915771484375,0.331298828125,-0.068115234375,11.603053435114504,15.541984732824426,-7.541984732824427,6341,-8,0,3.712761976676031,-96.16399176206966,0.0,False,,False,0,,0,,27
49.244,2.424548984000012,0.91552734375,0.45654296875,-0.02392578125,3.5114503816793894,6.809160305343511,-5.221374045801526,6343,1,0,3.707818129019781,-98.54465252653266,0.0,False,,False,0,,0,,27
49.444,2.6260274140000206,0.9130859375,0.38916015625,-0.00146484375,15.236641221374045,14.442748091603052,0.24427480916030533,6356,14,-1,3.675683119254156,-99.85125806928079,-0.00108,False,,False,0,,0,,27
49.644,2.827616269999993,0.941650390625,0.350830078125,-0.017822265625,0.366412213740458,1.6793893129770991,4.2748091603053435,6378,6,1,3.621300795035406,-100.4199872085835,0.00108,False,,False,0,,0,,27
49.849000000000004,3.0291084030000093,0.949462890625,0.340576171875,-0.019287109375,1.3740458015267174,-7.358778625954198,11.114503816793892,7102,144,-5,1.8316279434729061,-100.64686988855557,-0.0054,False,,False,0,,0,,27
50.049,3.2306371720000016,0.91357421875,0.441650390625,-0.026611328125,14.259541984732824,4.549618320610687,3.5725190839694654,8203,88,-1,-0.8899601912927189,-101.02873498573013,-0.00108,False,,False,0,,0,,27
50.249,3.432246448000001,0.937744140625,0.32275390625,-0.0244140625,18.80916030534351,5.190839694656488,-3.9389312977099236,8228,7,0,-0.9517582869958439,-101.62551267457154,0.0,False,,True,0,,0,,27
50.454,3.634024057000005,0.9287109375,0.383056640625,-0.065673828125,18.16793893129771,2.6564885496183206,-8.274809160305344,8276,32,3,-1.0704106307458439,-101.88139005793195,0.0032400000000000003,False,,False,0,,0,,27
50.654,3.835624982000013,0.901123046875,0.425048828125,-0.093505859375,33.37404580152672,3.480916030534351,0.24427480916030533,8269,-13,0,-1.0531071639489689,-101.58097967444294,0.0,False,,False,0,,0,,27
50.854,4.03728751700001,0.97509765625,0.33056640625,-0.12353515625,44.97709923664122,7.145038167938931,-5.770992366412213,4201,-895,5,9.002678968863531,-99.9660719499759,0.0054,False,,False,0,,0,,27
51.059000000000005,4.2387049110000135,0.897216796875,0.204833984375,-0.165771484375,27.297709923664122,-1.282442748091603,-4.641221374045801,-761,-166,2,21.268365004019785,-95.41654351183986,0.00216,False,,False,0,,0,,27
51.259,4.440386033999999,0.983642578125,0.1845703125,-0.205322265625,2.16793893129771,14.625954198473282,-0.6717557251908397,-716,143,-9,21.15712843175416,-89.12392535821297,-0.00972,False,,False,0,,0,,27
51.459,4.641940841999997,0.81005859375,0.523681640625,-0.220458984375,-5.099236641221374,-0.6412213740458015,6.961832061068702,2429,181,-5,13.382927992301031,-85.26960575883813,-0.0054,False,,False,0,,0,,27
51.664,4.843455613000003,0.8076171875,0.547119140625,-0.09130859375,11.206106870229007,17.587786259541986,-5.587786259541985,5262,12,0,6.379967787222906,-85.94591778717957,0.0,False,,False,0,,0,,27
51.864000000000004,5.045168328000017,0.931640625,0.36279296875,-0.05078125,31.78625954198473,14.748091603053435,-9.251908396946565,6784,171,2,2.617699720816656,-89.69817177794882,0.00216,False,,False,0,,0,,27
52.064,5.246912771000012,0.95654296875,0.11767578125,0.0234375,33.64885496183206,6.687022900763359,7.3893129770992365,9066,404,13,-3.023230454964594,-94.64675268234855,0.01404,False,,False,0,,0,,27
52.264,5.448389222000003,1.080078125,0.629638671875,-0.03564453125,35.29770992366412,8.580152671755725,12.48854961832061,11311,-5,0,-8.572699449105219,-100.07239198508938,0.0,False,,False,0,,0,,27
52.469,5.650079932000011,0.919677734375,0.335693359375,-0.1474609375,3.0839694656488548,-4.854961832061068,-6.137404580152672,2319,-957,-7,13.654839613394781,-102.75609126270369,-0.007560000000000001,False,,False,0,,0,,27
52.669000000000004,5.85157141900001,0.805419921875,0.2314453125,-0.17578125,-6.015267175572519,-1.5877862595419847,-5.83206106870229,-2660,6,0,25.96254835362916,-98.88098427105007,0.0,False,,False,0,,0,,27
52.869,6.053003333000021,0.989990234375,0.172607421875,-0.263916015625,-18.442748091603054,-17.19083969465649,8.15267175572519,406,33,7,18.383629896597906,-92.30362986601169,0.007560000000000001,False,,False,0,,0,,27
53.074,6.254548956999997,0.946533203125,0.450439453125,0.0009765625,-13.099236641221374,12.335877862595419,-9.282442748091603,3891,678,8,9.768975355582281,-89.54005542134871,0.00864,False,,False,0,,0,,27
53.274,6.456186419000005,0.88525390625,0.307861328125,0.009521484375,16.519083969465647,21.740458015267176,-2.595419847328244,6519,331,9,3.272759535269781,-91.36811594659245,0.00972,False,,False,0,,0,,27
53.474000000000004,6.6576640680000025,0.942626953125,0.267822265625,0.018798828125,39.541984732824424,7.7251908396946565,3.145038167938931,8792,301,9,-2.345923326058344,-95.65318861801546,0.00972,False,,False,0,,0,,27
53.679,6.859311678000012,1.122802734375,0.239501953125,-0.002197265625,35.41984732824427,13.068702290076335,17.0381679389313,11260,1,1,-8.446631333870844,-100.83543060750212,0.00108,False,,False,0,,0,,27
53.879,7.061011325999999,1.069091796875,0.2607421875,-0.2197265625,22.717557251908396,-0.24427480916030533,-4.122137404580153,5021,-1162,9,6.975701429801031,-103.96175356587453,0.00972,False,,False,0,,0,,27
54.079,7.262469796000005,0.77978515625,0.1708984375,-0.154052734375,-4.854961832061068,-8.67175572519084,-6.778625954198473,-1026,-237,2,21.92342481847291,-101.35429741827984,0.00216,False,,False,0,,0,,27
54.284,7.464051715000011,1.04296875,0.2939453125,-0.280029296875,-20.946564885496183,-7.7251908396946565,10.534351145038167,1372,105,-10,15.995751478629156,-95.3096461725792,-0.0108,False,,False,0,,0,,27
54.484,7.66575433700001,0.98291015625,0.3798828125,0.0517578125,-19.69465648854962,0.061068702290076333,-1.282442748091603,1706,313,-3,15.170128920035406,-91.21194054398968,-0.0032400000000000003,False,,False,0,,0,,27
54.684000000000005,7.8673830150000015,0.795654296875,0.4765625,-0.00390625,-2.16793893129771,10.65648854961832,-14.473282442748092,3305,255,2,11.217522718863531,-90.13967478309291,0.00216,False,,False,0,,0,,27
54.889,8.069087916,0.88232421875,0.507080078125,-0.0244140625,30.9618320610687,14.381679389312977,-14.778625954198473,3438,-6,2,10.888756849722906,-90.85940839959122,0.00216,False,,False,0,,0,,27
55.089,8.270872230000009,0.918701171875,0.38623046875,-0.043701171875,28.885496183206104,7.450381679389313,-10.473282442748092,3419,2,3,10.935723402457281,-92.1708194579531,0.0032400000000000003,False,,False,0,,0,,27
55.289,8.472449605000008,0.866455078125,0.495849609375,-0.10400390625,24.97709923664122,2.4427480916030535,-7.755725190839694,3078,-1,-1,11.778649427847906,-93.28535981159656,-0.00108,False,,False,0,,0,,27
55.494,8.674365255999987,0.888427734375,0.4697265625,-0.154052734375,25.832061068702288,6.778625954198473,-1.8015267175572518,2437,5,0,13.363152601676031,-93.91673577832805,0.0,False,,False,0,,0,,27
55.694,8.876028909000013,0.885498046875,0.41259765625,-0.1728515625,21.61832061068702,0.916030534351145,-8.732824427480915,1768,-171,-1,15.016869642691656,-93.90809901370623,-0.00108,False,,False,0,,0,,27
55.894,9.077467061999982,0.874755859375,0.464599609375,-0.2060546875,18.106870229007633,7.083969465648854,-2.595419847328244,1075,-128,-5,16.72991285558228,-93.43896055518933,-0.0054,False,,False,0,,0,,27
56.099000000000004,9.279050481000013,0.8994140625,0.4208984375,-0.203369140625,3.8167938931297707,-4.244274809160305,1.3740458015267174,191,6,0,18.91509351964478,-92.64736184342232,0.0,False,,False,0,,0,,27
56.299,9.481083274000014,0.86767578125,0.455322265625,-0.201416015625,0.33587786259541985,-0.8549618320610687,2.2900763358778624,193,7,0,18.91014967198853,-91.78956043177523,0.0,False,,False,0,,0,,27
56.499,9.682547790000001,0.857421875,0.44482421875,-0.2197265625,0.7022900763358778,-2.8702290076335877,8.15267175572519,201,7,0,18.89037428136353,-91.3942705828763,0.0,False,,False,0,,0,,27
56.704,9.88405947299998,0.8564453125,0.396728515625,-0.192138671875,-7.175572519083969,-7.175572519083969,12.091603053435113,848,131,-2,17.291039564566656,-91.69961760343807,-0.00216,False,,False,0,,0,,27
56.904,10.085488747999989,0.933837890625,0.403564453125,-0.225341796875,-7.419847328244274,10.80916030534351,1.5572519083969465,1601,49,2,15.429680921988531,-92.72341909003642,0.00216,False,,False,0,,0,,27
57.104,10.28692380900003,0.9248046875,0.368896484375,-0.19921875,1.3435114503816794,-0.2748091603053435,3.114503816793893,2454,89,-5,13.321129896597906,-94.41321687625859,-0.0054,False,,False,0,,0,,27
57.309000000000005,10.488638576000028,0.88330078125,0.392822265625,-0.199951171875,1.8015267175572518,0.33587786259541985,-1.0381679389312977,2545,-3,0,13.096184828238531,-96.28458167581223,0.0,False,,False,0,,0,,27
57.509,10.690331306000019,0.917236328125,0.33935546875,-0.218994140625,1.648854961832061,2.564885496183206,0.916030534351145,2544,-4,1,13.098656752066656,-97.69772189346348,0.00108,False,,False,0,,0,,27
57.709,10.891828740999983,0.937744140625,0.31591796875,-0.181396484375,-3.7251908396946565,1.1908396946564885,5.465648854961832,2600,123,-6,12.960229017691656,-98.53082056367424,-0.0064800000000000005,False,,False,0,,0,,27
57.914,11.093534729999988,0.92919921875,0.37109375,-0.16943359375,-17.770992366412212,-9.31297709923664,7.786259541984733,3214,165,1,11.442467787222906,-99.06578583578116,0.00108,False,,False,0,,0,,27
58.114000000000004,11.295333560000017,0.80810546875,0.36279296875,-0.193603515625,-24.030534351145036,-16.702290076335878,-2.595419847328244,793,-1351,-21,17.42699537511353,-98.85317610538965,-0.022680000000000002,False,,False,0,,0,,27
58.314,11.497014652000018,0.91650390625,0.320556640625,-0.255859375,-23.66412213740458,-56.51908396946565,1.7404580152671756,-10060,-1459,-10,44.25478468175416,-94.76816997208788,-0.0108,False,,False,0,,0,,27
58.519,11.698760633000006,0.84423828125,0.275146484375,-0.303955078125,-8.15267175572519,-22.045801526717558,4.33587786259542,-16961,-123,6,61.313531019644785,-84.61484836429766,0.0064800000000000005,False,,False,0,,0,,27
58.719,11.900390706999985,0.894287109375,0.213134765625,-0.248046875,-10.442748091603052,3.969465648854962,-1.3129770992366412,-15687,281,0,58.164300062613535,-73.27771123319472,0.0,False,,False,0,,0,,27
58.919000000000004,12.101843578,1.083984375,0.42041015625,-0.38330078125,4.885496183206107,8.793893129770993,-32.854961832061065,-15394,1,1,57.44002638097291,-66.89369831853203,0.00108,False,,False,0,,0,,27
59.124,12.303544808000026,0.667724609375,0.67041015625,-0.21484375,-10.381679389312977,47.93893129770992,-6.259541984732824,-13035,1215,-4,51.608758070426035,-66.19820322528598,-0.00432,False,,False,0,,0,,27
59.324,12.505053522000026,0.836669921875,0.451904296875,-0.062255859375,30.259541984732824,55.908396946564885,27.541984732824428,-4209,1123,1,29.791558363394785,-71.53256079945005,0.00108,False,,False,0,,0,,27
59.524,12.706548699999985,0.86328125,0.4462890625,-0.01025390625,39.083969465648856,22.137404580152673,15.877862595419847,2863,747,15,12.310113050894781,-83.65536970181152,0.0162,False,,False,0,,0,,27
59.724000000000004,12.907957432999979,0.967041015625,0.237060546875,-0.00927734375,57.862595419847324,14.748091603053435,15.419847328244273,7146,272,-8,1.7228632950354061,-99.26205788005846,-0.00864,False,,False,0,,0,,27
59.929,13.10956455400003,0.8154296875,0.60888671875,-0.15576171875,66.35114503816794,4.305343511450381,3.8167938931297707,6986,-858,-3,2.118371107535406,-112.88006086401434,-0.0032400000000000003,False,,False,0,,0,,27
60.129,13.311025221000023,0.8544921875,0.375732421875,-0.214599609375,19.541984732824428,-10.595419847328245,-12.122137404580153,-1874,-313,-6,24.01961622472291,-119.02458333546271,-0.0064800000000000005,False,,False,0,,0,,27
60.329,13.512722944000018,0.912841796875,0.3076171875,-0.1943359375,-22.076335877862594,7.236641221374046,15.358778625954198,-917,752,14,21.653985121207285,-116.94375439277358,0.015120000000000001,False,,False,0,,0,,27
60.534,13.714199817000008,0.827392578125,0.478515625,-0.15673828125,-11.145038167938932,0.7633587786259541,6.8396946564885495,5008,257,9,7.007836439566656,-113.66514213587439,0.00972,False,,False,0,,0,,27
60.734,13.915707058999999,0.88134765625,0.44140625,0.025390625,-24.793893129770993,-1.0687022900763359,-4.213740458015267,5443,202,0,5.932549574332281,-113.33875881283565,0.0,False,,False,0,,0,,27
60.934000000000005,14.117278393999982,0.927001953125,0.385986328125,-0.010498046875,7.145038167938931,11.877862595419847,-3.847328244274809,5722,-3,0,5.242882826285406,-113.48432788557575,0.0,False,,False,0,,0,,27
61.139,14.31869360799999,0.965087890625,0.25634765625,-0.080078125,21.2824427480916,6.961832061068702,15.358778625954198,6102,165,-2,4.303551771597906,-112.5393430044033,-0.00216,False,,False,0,,0,,27
61.339,14.520365137999988,0.9384765625,0.3095703125,-0.04638671875,3.633587786259542,-1.4045801526717556,0.24427480916030533,6573,3,2,3.139275648551031,-110.95506646031424,0.00216,False,,False,0,,0,,27
61.539,14.721756685999992,0.9541015625,0.34716796875,-0.109619140625,10.473282442748092,4.305343511450381,-5.190839694656488,6624,-1,1,3.013207533316656,-109.10382675943035,0.00108,False,,False,0,,0,,27
61.739000000000004,14.923247661000005,0.93017578125,0.33935546875,-0.096435546875,7.755725190839694,3.0229007633587783,-5.068702290076335,6524,2,1,3.260399916129156,-107.05646947867636,0.00108,False,,False,0,,0,,27
61.944,15.124782208999989,0.919677734375,0.37060546875,-0.088134765625,-2.259541984732824,-0.15267175572519084,-1.2213740458015268,6524,1,2,3.260399916129156,-104.8459256050179,0.00216,False,,False,0,,0,,27
62.144,15.326448932000005,0.91357421875,0.36474609375,-0.068603515625,-17.00763358778626,-3.847328244274809,2.6564885496183206,6523,0,1,3.262871839957281,-102.67273406371898,0.00108,False,,False,0,,0,,27
62.344,15.52788280499999,0.907470703125,0.38671875,-0.068359375,5.923664122137405,2.381679389312977,0.6717557251908397,6535,10,1,3.233208754019781,-100.77311425418152,0.00108,False,,False,0,,0,,27
62.549,15.729465140000002,0.92822265625,0.337890625,-0.068359375,5.435114503816794,0.9465648854961831,0.21374045801526717,6533,1,2,3.238152601676031,-99.20429569052072,0.00216,False,,False,0,,0,,27
62.749,15.931078753000008,0.933837890625,0.347412109375,-0.0751953125,2.564885496183206,1.0076335877862594,4.122137404580153,6523,0,2,3.262871839957281,-97.92048559665028,0.00216,False,,False,0,,0,,27
62.949,16.132486570000026,0.943603515625,0.30615234375,-0.076171875,2.0763358778625953,0.7633587786259541,0.0916030534351145,6463,-8,2,3.411187269644781,-96.95021213468401,0.00216,False,,False,0,,0,,27
63.154,16.33411874699999,0.933349609375,0.377197265625,-0.06787109375,-3.480916030534351,-1.984732824427481,0.0916030534351145,6363,-3,0,3.658379652457281,-96.22282764635938,0.0,False,,False,0,,0,,27
63.354,16.535754091,0.937255859375,0.316162109375,-0.077880859375,-1.2519083969465647,-1.7709923664122136,1.0687022900763359,6358,0,-1,3.670739271597906,-95.65408828420043,-0.00108,False,,False,0,,0,,27
63.554,16.73723232399999,0.942626953125,0.3154296875,-0.079833984375,3.6946564885496183,0.9465648854961831,-2.8091603053435112,6355,2,-1,3.678155043082281,-95.31739248647678,-0.00108,False,,False,0,,0,,27
63.759,16.938720279999984,0.928466796875,0.359375,-0.079833984375,1.1908396946564885,-0.33587786259541985,-0.7938931297709924,6354,3,0,3.680626966910406,-95.18103725542484,0.0,False,,False,0,,0,,27
63.959,17.140288735000013,0.937744140625,0.322998046875,-0.088134765625,-7.7251908396946565,-3.9083969465648853,4.702290076335878,6354,2,-1,3.680626966910406,-95.13838522610436,-0.00108,False,,False,0,,0,,27
64.159,17.341691309999987,0.9248046875,0.361328125,-0.078125,7.3893129770992365,1.83206106870229,-3.3893129770992365,6353,1,0,3.683098890738531,-95.20747791866316,0.0,False,,False,0,,0,,27
64.359,17.543125626999995,0.92431640625,0.357666015625,-0.0859375,0.4580152671755725,0.15267175572519084,0.33587786259541985,6353,1,-1,3.683098890738531,-95.39016478115127,-0.00108,False,,False,0,,0,,27
64.56400000000001,17.745084496999993,0.94091796875,0.333984375,-0.077880859375,8.244274809160306,2.16793893129771,-2.015267175572519,6354,-3,0,3.680626966910406,-95.5840369322455,0.0,False,,False,0,,0,,27
64.764,17.94652236899998,0.924072265625,0.353271484375,-0.090087890625,-1.3740458015267174,-1.129770992366412,2.8091603053435112,6354,-5,0,3.680626966910406,-95.72251572543823,0.0,False,,False,0,,0,,27
64.964,18.147986815000024,0.93359375,0.337890625,-0.093505859375,1.7099236641221374,0.6106870229007634,0.366412213740458,6355,-1,0,3.678155043082281,-95.86183250675528,0.0,False,,False,0,,0,,27
65.169,18.349674268,0.90966796875,0.4208984375,-0.08056640625,-3.633587786259542,-0.21374045801526717,-7.66412213740458,6354,-1,0,3.680626966910406,-95.99025881932842,0.0,False,,False,0,,0,,27
65.369,18.551128148000032,0.9248046875,0.3515625,-0.088623046875,-4.885496183206107,-5.312977099236641,-5.679389312977099,6342,-6,0,3.710290052847906,-96.05043148830437,0.0,False,,False,0,,0,,27
65.569,18.752587788000028,0.895751953125,0.423583984375,-0.107421875,-6.564885496183206,-4.305343511450381,-8.702290076335878,4868,-108,5,7.353905775504156,-95.74061366937984,0.0054,False,,False,0,,0,,27
65.774,18.954046038,0.900634765625,0.38525390625,-0.1357421875,-10.259541984732824,-6.473282442748092,-1.3435114503816794,3415,-69,0,10.945611097769781,-94.50386024603951,0.0,False,,False,0,,0,,27
65.974,19.155635399000005,0.945068359375,0.408447265625,-0.171630859375,9.98473282442748,-3.9083969465648853,-6.534351145038167,197,-665,-13,18.90026197667603,-91.94269221659539,-0.01404,False,,False,0,,0,,27
66.174,19.357055694999985,0.853271484375,0.35888671875,-0.162109375,-11.786259541984732,-13.31297709923664,3.2061068702290076,-3943,-119,-5,29.134026625113535,-87.67666759301235,-0.0054,False,,False,0,,0,,27
66.379,19.55884332300002,0.9365234375,0.36962890625,-0.211181640625,-18.870229007633586,-0.42748091603053434,3.66412213740458,-3760,280,-11,28.68166456456666,-82.8272614486693,-0.01188,False,,False,0,,0,,27
66.57900000000001,19.760309044999985,0.68896484375,0.58740234375,-0.064697265625,-0.549618320610687,8.030534351145038,8.335877862595419,1422,241,-6,15.872155287222906,-81.10281934408843,-0.0064800000000000005,False,,False,0,,0,,27
66.779,19.96184924800002,0.837646484375,0.491455078125,-0.04248046875,6.717557251908397,13.282442748091603,-1.282442748091603,3700,4,0,10.241112806754156,-84.40365821897015,0.0,False,,False,0,,0,,27
66.984,20.16359922800001,0.938232421875,0.439208984375,0.012939453125,15.633587786259541,16.580152671755723,-4.763358778625954,4944,142,-1,7.166039564566656,-90.19840291640244,-0.00108,False,,False,0,,0,,27
67.184,20.365144643000008,0.874267578125,0.41796875,-0.009765625,20.458015267175572,0.183206106870229,6.809160305343511,6082,242,-7,4.352990248160406,-95.81161645124885,-0.007560000000000001,False,,False,0,,0,,27
67.384,20.566781927000022,0.974853515625,0.51708984375,-0.081298828125,-7.480916030534351,-0.48854961832061067,15.053435114503817,7422,-11,0,1.0406123184729061,-100.65334573928938,0.0,False,,False,0,,0,,27
67.584,20.768425045000015,0.948974609375,0.323974609375,-0.139892578125,13.770992366412214,-1.2519083969465647,1.3740458015267174,3153,-1098,-10,11.593255140738531,-103.34803299135876,-0.0108,False,,False,0,,0,,28
67.789,20.969997534000015,0.8740234375,0.32470703125,-0.138671875,-8.82442748091603,-12.030534351145038,2.8396946564885495,-2003,-378,-10,24.338494398551035,-101.4783750823833,-0.0108,False,,False,0,,0,,27
67.989,21.171432597000035,0.922119140625,0.241455078125,-0.1220703125,-6.564885496183206,-2.259541984732824,-10.229007633587786,-2858,-5,0,26.45198927159791,-96.05027345763897,0.0,False,,False,0,,0,,27
68.18900000000001,21.37279916800003,0.992431640625,0.28125,-0.13671875,-25.98473282442748,-4.244274809160305,-3.847328244274809,-890,388,-4,21.58724317784791,-91.40805551905554,-0.00432,False,,False,0,,0,,27
68.394,21.57433262699999,0.758056640625,0.466552734375,-0.101318359375,-18.076335877862594,-6.045801526717557,-3.236641221374046,2091,432,8,14.218438246207281,-90.31404893025424,0.00864,False,,False,0,,0,,27
68.59400000000001,21.77595062300003,0.857666015625,0.499267578125,-0.003662109375,-3.0229007633587783,13.49618320610687,-4.549618320610687,3463,165,-2,10.826958754019781,-92.32228955291718,-0.00216,False,,False,0,,0,,28
68.794,21.977395693999995,0.907470703125,0.359375,-0.018310546875,18.748091603053435,9.068702290076336,-5.83206106870229,5594,176,-3,5.559289076285406,-95.86543281839383,-0.0032400000000000003,False,,False,0,,0,,27
68.999,22.179053006000004,0.969970703125,0.318603515625,0.021728515625,24.549618320610687,0.4580152671755725,23.725190839694655,7769,334,-8,0.1828547501135311,-100.10156851559769,-0.00864,False,,False,0,,0,,27
69.199,22.380494397999996,0.5078125,0.684814453125,-0.16162109375,14.717557251908396,-9.83206106870229,-14.13740458015267,6567,-1429,-5,3.154107191519781,-103.75319802728134,-0.0054,False,,False,0,,0,,27
69.399,22.582316012000035,0.89501953125,0.355224609375,-0.197998046875,-17.526717557251906,-17.099236641221374,-11.083969465648854,-1571,-550,-8,23.270623304801035,-103.41000886177868,-0.00864,False,,False,0,,0,,27
69.604,22.783744090000027,0.85986328125,0.256103515625,-0.1064453125,-21.251908396946565,-1.2213740458015268,-13.251908396946565,-3580,154,2,28.23671827550416,-97.7974000224208,0.00216,False,,False,0,,0,,28
69.804,22.985234927000022,1.19189453125,0.73876953125,-0.2568359375,-27.14503816793893,-9.618320610687023,26.412213740458014,319,959,1,18.59868726964478,-92.00834243170267,0.00108,False,,False,0,,0,,27
70.004,23.18683530200002,0.787109375,0.5751953125,0.0,3.847328244274809,15.84732824427481,1.984732824427481,4255,161,-13,8.869195082144781,-91.07003579811182,-0.01404,False,,False,0,,0,,28
70.20400000000001,23.388245350000034,0.97216796875,0.36572265625,0.00244140625,20.885496183206104,16.396946564885496,-8.946564885496183,5542,165,1,5.687829115347906,-94.18078971139555,0.00108,False,,False,0,,0,,27
70.409,23.589727583000013,0.921875,0.313720703125,0.031494140625,18.68702290076336,-3.0839694656488548,5.9541984732824424,7514,384,12,0.8131953262854061,-98.44322796167322,0.012960000000000001,False,,False,0,,0,,27
70.609,23.79116333500002,1.0908203125,0.3857421875,-0.13525390625,-12.732824427480915,-5.587786259541985,12.610687022900763,10502,-1,2,-6.572913072152094,-102.97717978850467,0.00216,False,,False,0,,0,,27
70.809,23.992813216000002,0.78955078125,0.48388671875,-0.117431640625,-33.70992366412214,-28.793893129770993,-0.24427480916030533,1209,-993,2,16.39867506261353,-105.00645878063742,0.00216,False,,False,0,,0,,27
71.014,24.194578004999983,0.862548828125,0.26806640625,-0.090087890625,-11.572519083969466,-4.549618320610687,-3.541984732824427,-4754,-54,-2,31.13875684972291,-100.29631207132778,-0.00216,False,,False,0,,0,,28
71.214,24.395983172,1.025390625,0.340576171875,-0.283203125,-20.030534351145036,-9.099236641221374,14.106870229007633,-3731,434,-12,28.609978773551035,-91.96964901305329,-0.012960000000000001,False,,False,0,,0,,28
71.414,24.59772698500001,0.618408203125,0.474853515625,0.035400390625,13.526717557251908,8.061068702290076,-9.709923664122137,1886,46,3,14.725182630972906,-87.43890438171498,0.0032400000000000003,False,,False,0,,0,,27
71.619,24.799186262000035,0.989990234375,0.2626953125,-0.026123046875,21.862595419847327,24.85496183206107,-12.244274809160306,3746,104,-7,10.127404310660406,-88.741468042977,-0.007560000000000001,False,,False,0,,0,,28
71.819,25.000565466000012,0.935546875,0.298095703125,0.0087890625,19.572519083969464,4.854961832061068,-1.8931297709923662,6344,260,-7,3.705346205191656,-93.08022759464362,-0.007560000000000001,False,,False,0,,0,,27
72.019,25.201977337000017,1.150146484375,0.394287109375,0.000732421875,23.755725190839694,-1.83206106870229,19.419847328244273,10152,128,-19,-5.707739732308344,-98.8106057761654,-0.02052,False,,False,0,,0,,27
72.21900000000001,25.403484343000002,1.10693359375,0.15234375,-0.350830078125,-41.12977099236641,-34.0763358778626,6.564885496183206,2294,-1475,-10,13.716637709097906,-102.92002430180463,-0.0108,False,,False,0,,0,,27
72.424,25.605106477999982,0.775634765625,0.192138671875,-0.054931640625,-30.045801526717558,-22.137404580152673,-0.48854961832061067,-3465,16,-8,27.952447035269785,-100.67693311390865,-0.00864,False,,False,0,,0,,27
72.624,25.80703576100001,1.020263671875,0.3408203125,-0.32666015625,-13.83206106870229,-8.061068702290076,6.931297709923664,-153,285,4,19.76543531651978,-94.92512958420836,0.00432,False,,False,0,,0,,27
72.824,26.00854632300002,0.876220703125,0.307861328125,-0.09033203125,-7.450381679389313,12.549618320610687,-17.709923664122137,3458,277,7,10.839318373160406,-92.49618237778938,0.007560000000000001,False,,False,0,,0,,27
73.029,26.21026479300002,0.921875,0.27197265625,-0.05419921875,10.381679389312977,20.82442748091603,-12.061068702290076,6221,218,-15,4.009392836051031,-94.53145878995089,-0.0162,False,,False,0,,0,,27
73.229,26.41171423200001,0.969970703125,0.167724609375,0.02587890625,29.740458015267173,8.15267175572519,7.816793893129771,8904,424,-1,-2.622778794808344,-98.83553526263472,-0.00108,False,,False,0,,0,,27
73.429,26.61329800300001,0.81689453125,0.87060546875,-0.209228515625,-20.30534351145038,-15.725190839694656,5.007633587786259,10528,-1,2,-6.637183091683344,-103.8000831774593,0.00216,False,,False,0,,0,,28
73.634,26.814828368000008,0.749267578125,0.31982421875,-0.106689453125,-7.022900763358779,-14.534351145038167,-10.442748091603052,-2149,-638,-8,24.699395277457285,-104.78745605697762,-0.00864,False,,False,0,,0,,27
73.834,27.016269453999996,1.06201171875,0.150146484375,-0.225830078125,-16.213740458015266,7.511450381679389,16.610687022900763,-2369,853,9,25.243218519644785,-98.90358458041533,0.00972,False,,False,0,,0,,27
74.034,27.21769298800001,0.414306640625,0.557373046875,0.15087890625,6.351145038167939,5.374045801526718,8.854961832061068,2709,552,-5,12.690789320426031,-93.0057076679903,-0.0054,False,,False,0,,0,,27
74.239,27.419260692000023,0.9375,0.28076171875,-0.035400390625,19.236641221374047,28.366412213740457,-10.015267175572518,6025,259,8,4.493889906363531,-92.7607307433865,0.00864,False,,False,0,,0,,27
74.43900000000001,27.620641433000003,0.943115234375,0.301025390625,-0.01513671875,27.48091603053435,5.343511450381679,1.4351145038167938,8742,449,-14,-2.222327134652094,-96.38503269382804,-0.015120000000000001,False,,False,0,,0,,27
74.639,27.822089173999984,1.182861328125,0.320068359375,-0.1171875,2.5038167938931295,3.7251908396946565,29.374045801526716,11425,0,0,-8.854498765511469,-101.52412976794302,0.0,False,,False,0,,0,,27
74.84400000000001,28.02367826699998,0.7578125,0.3896484375,-0.074462890625,-17.893129770992367,-31.755725190839694,-1.1908396946564885,-76,-1071,-13,19.575097181754156,-103.62525079172326,-0.01404,False,,False,0,,0,,27
75.044,28.225262584000006,0.887939453125,0.18994140625,-0.174072265625,-27.81679389312977,-1.648854961832061,-5.526717557251908,-3618,100,0,28.33065138097291,-98.55689968808443,0.0,False,,False,0,,0,,28
75.244,28.42671253499998,1.3525390625,0.75830078125,-0.169189453125,-13.618320610687022,-9.465648854961831,9.374045801526718,144,943,-5,19.031273939566656,-91.51884553173396,-0.0054,False,,False,0,,0,,28
75.444,28.628311338000003,0.7939453125,0.586181640625,-0.06201171875,12.458015267175572,30.62595419847328,8.183206106870228,4749,342,10,7.648064711051031,-89.57165863701015,0.0108,False,,False,0,,0,,27
75.649,28.82977960400001,0.93896484375,0.296875,-0.038330078125,16.549618320610687,0.15267175572519084,-5.6183206106870225,6803,230,0,2.570733168082281,-92.58431945467673,0.0,False,,False,0,,0,,27
75.849,29.031342887999983,1.080078125,0.307373046875,-0.02294921875,20.030534351145036,1.618320610687023,13.374045801526718,10250,531,-8,-5.949988267464594,-97.7646439728143,-0.00864,False,,False,0,,0,,27
76.049,29.232830971,1.1103515625,0.34619140625,-0.049072265625,9.862595419847327,11.083969465648854,-24.30534351145038,5796,-2130,0,5.059960463004156,-102.07609232234202,0.0,False,,False,0,,0,,27
76.254,29.434470798000007,0.715576171875,0.161376953125,-0.1630859375,-27.69465648854962,-16.549618320610687,-9.679389312977099,-4208,-63,3,29.78908643956666,-100.60265588069376,0.0032400000000000003,False,,False,0,,0,,27
76.45400000000001,29.63596262499999,1.072265625,0.290771484375,-0.318359375,-21.34351145038168,-8.183206106870228,4.824427480916031,-1355,281,-4,22.736687757926035,-94.02544367973653,-0.00432,False,,False,0,,0,,27
76.654,29.837461044999998,0.852294921875,0.442138671875,-0.068603515625,-19.66412213740458,8.610687022900763,-24.30534351145038,3045,267,-13,11.860222914176031,-90.07936806598595,-0.01404,False,,False,0,,0,,28
76.859,30.039035463999994,0.88720703125,0.318115234375,0.00146484375,7.603053435114504,18.748091603053435,-11.450381679389313,6116,232,-11,4.268944838004156,-91.68813206769093,-0.01188,False,,False,0,,0,,27
77.059,30.24043031299999,1.0576171875,0.203857421875,0.040283203125,23.358778625954198,3.145038167938931,11.32824427480916,8989,405,12,-2.832892320198969,-96.33926431974943,0.012960000000000001,False,,False,0,,0,,28
77.259,30.442005274999985,0.945068359375,0.5517578125,-0.132568359375,5.038167938931298,-11.083969465648854,20.763358778625953,10013,-833,63,-5.364142320198969,-101.74690998426377,0.06804,False,,False,0,,0,,28
77.464,30.643710070999987,0.771728515625,0.2978515625,-0.093017578125,-17.587786259541986,-19.389312977099237,-3.633587786259542,-3526,-429,8,28.10323438878541,-102.72394854328591,0.00864,False,,False,0,,0,,27
77.664,30.845362550999994,1.076904296875,0.16015625,-0.203857421875,-20.580152671755723,6.8396946564885495,9.404580152671755,-2932,657,0,26.63491163487916,-96.63483894960186,0.0,False,,False,0,,0,,27
77.864,31.046784107000008,0.43994140625,0.651611328125,0.08203125,4.152671755725191,2.229007633587786,-2.1068702290076335,2017,462,8,14.401360609488531,-90.9509250699381,0.00864,False,,False,0,,0,,28
78.06400000000001,31.248370905,0.91552734375,0.329345703125,-0.019775390625,12.213740458015266,25.954198473282442,-3.969465648854962,5221,177,4,6.481316664176031,-91.18601116826191,0.00432,False,,False,0,,0,,28
78.269,31.44999205800002,0.890869140625,0.273681640625,-0.001953125,25.038167938931295,7.206106870229007,-1.5572519083969465,8059,362,-8,-0.5340031600427189,-95.25756999025525,-0.00864,False,,False,0,,0,,28
78.46900000000001,31.65165276700003,1.14306640625,0.243408203125,0.018798828125,20.763358778625953,8.549618320610687,26.16793893129771,11754,83,-2,-9.667761704964594,-100.99578833551408,-0.00216,False,,False,0,,0,,28
78.669,31.853372586000035,1.0029296875,0.253173828125,-0.242431640625,-23.32824427480916,-39.603053435114504,-3.6030534351145036,1390,-1741,-6,15.951256849722906,-104.25145590223835,-0.0064800000000000005,False,,False,0,,0,,28
78.874,32.05499799800003,0.8447265625,0.135009765625,-0.098876953125,-19.603053435114504,-14.045801526717558,-7.786259541984733,-4890,-6,0,31.47493849034791,-99.95554031537155,0.0,False,,False,0,,0,,28
79.074,32.25641246999999,1.154052734375,0.105712890625,-0.3115234375,-25.64885496183206,-11.450381679389313,9.954198473282442,-1811,235,0,23.863885023551035,-92.01288495593037,0.0,False,,False,0,,0,,28
79.274,32.45815588700003,0.875244140625,0.5029296875,0.014892578125,-9.893129770992367,25.34351145038168,-11.17557251908397,3590,489,14,10.513024427847906,-88.61525936575757,0.015120000000000001,False,,False,0,,0,,27
79.479,32.659824971000035,0.885498046875,0.37890625,-0.041748046875,11.938931297709923,17.0381679389313,-13.526717557251908,6219,105,-5,4.014336683707281,-91.1393913474563,-0.0054,False,,False,0,,0,,28
79.679,32.86137318499999,1.031005859375,0.107666015625,0.02783203125,21.587786259541986,3.5114503816793894,9.099236641221374,9499,352,-4,-4.093573472542719,-96.55709914866055,-0.00432,False,,False,0,,0,,28
79.879,33.06287784400001,0.71728515625,0.729736328125,-0.08935546875,-2.595419847328244,-17.12977099236641,10.442748091603052,10704,-991,40,-7.072241685433344,-102.57883293741133,0.0432,False,,False,0,,0,,28
80.084,33.264977319000025,0.82421875,0.260986328125,-0.1357421875,-20.458015267175572,-16.519083969465647,-10.748091603053435,-3602,-566,0,28.29110059972291,-103.88802663543545,0.0,False,,False,0,,0,,28
80.284,33.46655553800002,1.1357421875,0.13623046875,-0.20703125,-24.763358778625953,10.351145038167939,11.267175572519083,-3117,831,8,27.092217543082285,-97.56481633122638,0.00864,False,,False,0,,0,,27
80.484,33.66819549799999,0.4404296875,0.59619140625,0.170654296875,23.81679389312977,5.2824427480916025,3.480916030534351,1911,658,-3,14.663384535269781,-91.43580706861063,-0.0032400000000000003,False,,False,0,,0,,28
80.68900000000001,33.86982819899998,0.881591796875,0.275146484375,-0.037353515625,18.076335877862594,31.81679389312977,-4.183206106870228,5272,227,0,6.355248548941656,-91.3297809537948,0.0,False,,False,0,,0,,28
80.889,34.071399566000025,0.920166015625,0.26611328125,0.0224609375,28.519083969465647,4.152671755725191,1.1603053435114503,8287,449,4,-1.0976017928552189,-95.241506780825,0.00432,False,,False,0,,0,,28
81.089,34.27317388099999,1.1474609375,0.1376953125,0.014404296875,20.519083969465647,7.267175572519084,32.091603053435115,12027,115,-8,-10.342596910042719,-101.07801678497516,-0.00864,False,,False,0,,0,,28
81.294,34.47467471599998,0.995849609375,0.23681640625,-0.252685546875,-28.091603053435115,-43.23664122137404,3.480916030534351,1743,-1709,7,15.078667738394781,-104.55569484456691,0.007560000000000001,False,,False,0,,0,,28
81.494,34.67612616299999,0.83984375,0.092529296875,-0.1298828125,-21.740458015267176,-11.908396946564885,-6.687022900763359,-4006,7,0,29.28975782628541,-100.59943697572578,0.0,False,,False,0,,0,,28
81.694,34.87778594299999,1.32666015625,0.28125,-0.432861328125,-46.74809160305343,-27.96946564885496,1.282442748091603,111,209,-3,19.11284742589478,-93.39772440226626,-0.0032400000000000003,False,,False,0,,0,,27
81.899,35.079235444999995,0.72705078125,0.658447265625,-0.009033203125,-20.0,25.34351145038168,-12.061068702290076,3903,380,-2,9.739312269644781,-90.55080292666462,-0.00216,False,,False,0,,0,,27
82.099,35.280723932,0.929443359375,0.30712890625,-0.055908203125,16.15267175572519,18.595419847328245,-17.98473282442748,6029,146,-6,4.484002211051031,-92.5291776294192,-0.0064800000000000005,False,,False,0,,0,,27
82.299,35.482240958000034,1.014404296875,0.19189453125,-0.026123046875,32.58015267175573,3.66412213740458,17.801526717557252,9325,323,0,-3.663458726448969,-96.89644439770736,0.0,False,,False,0,,0,,28
82.504,35.683868002,0.98876953125,0.45751953125,0.0380859375,15.541984732824426,4.549618320610687,-30.35114503816794,6013,-2044,1,4.523552992301031,-101.01504844323206,0.00108,False,,False,0,,0,,27
82.70400000000001,35.88546087899999,0.681396484375,0.286376953125,-0.17236328125,-17.435114503816795,-22.076335877862594,-2.8702290076335877,-4229,-191,10,29.840996839957285,-99.9056041778013,0.0108,False,,False,0,,0,,28
82.904,36.087025923,1.073974609375,0.310791015625,-0.321044921875,-26.534351145038165,0.42748091603053434,11.84732824427481,-2291,589,-3,25.050408461051035,-93.5024299141228,-0.0032400000000000003,False,,False,0,,0,,27
83.104,36.28857378499998,0.72607421875,0.248779296875,0.011962890625,-2.0763358778625953,15.877862595419847,-16.33587786259542,2602,388,-7,12.955285170035406,-89.3059551546083,-0.007560000000000001,False,,False,0,,0,,28
83.309,36.49024401899999,0.883544921875,0.290283203125,-0.035888671875,12.274809160305344,22.137404580152673,-1.8015267175572518,6108,358,11,4.288720228629156,-90.93922334435916,0.01188,False,,False,0,,0,,28
83.509,36.69165477199999,1.027099609375,0.248779296875,0.014892578125,30.076335877862594,1.4351145038167938,11.206106870229007,8381,451,3,-1.3299626326989689,-95.8503606179297,0.0032400000000000003,False,,False,0,,0,,27
83.709,36.89315400600003,1.0341796875,0.5908203125,-0.19921875,8.030534351145038,7.572519083969465,24.335877862595417,11822,1,0,-9.835852525277094,-101.871466629209,0.0,False,,False,0,,0,,27
83.914,37.094865314,0.78076171875,0.336669921875,-0.0986328125,-26.259541984732824,-29.893129770992367,-4.519083969465648,-261,-1092,3,20.03240308995728,-104.63551536820749,0.0032400000000000003,False,,False,0,,0,,28
84.114,37.29628194000003,0.837646484375,0.20068359375,-0.166015625,-39.75572519083969,-4.549618320610687,-2.4427480916030535,-3497,11,4,28.031548597769785,-99.89340075257515,0.00432,False,,False,0,,0,,28
84.31400000000001,37.497781197999984,1.304443359375,0.5546875,-0.29345703125,-51.23664122137404,-18.47328244274809,-6.8396946564885495,-159,336,-10,19.78026685948853,-92.8629369006791,-0.0108,False,,False,0,,0,,27
84.519,37.699423325,0.927490234375,0.47265625,-0.0146484375,23.541984732824428,39.23664122137404,4.244274809160305,5009,370,4,7.005364515738531,-90.73908401891156,0.00432,False,,False,0,,0,,27
84.71900000000001,37.90090171200001,1.014404296875,0.198974609375,-0.027099609375,19.32824427480916,5.709923664122138,-9.465648854961831,7370,297,11,1.1691523575354061,-93.69748923989967,0.01188,False,,False,0,,0,,27
84.919,38.10238019100001,1.1181640625,0.146240234375,0.02783203125,27.389312977099234,4.916030534351145,15.66412213740458,11418,495,13,-8.837195298714594,-99.23599767712977,0.01404,False,,False,0,,0,,27
85.124,38.30379184100002,1.022216796875,0.419677734375,-0.061767578125,-2.8396946564885495,3.9083969465648853,-24.427480916030532,6947,-2207,-12,2.214776136832281,-104.06882098140181,-0.012960000000000001,False,,False,0,,0,,27
85.324,38.50540180600001,0.710693359375,0.13818359375,-0.155517578125,-25.46564885496183,-18.595419847328245,-8.580152671755725,-3925,-158,1,29.089531996207285,-102.64105872404576,0.00108,False,,False,0,,0,,27
85.524,38.706775865,1.018310546875,0.39306640625,-0.355712890625,-21.893129770992367,-4.977099236641221,-1.4045801526717556,-321,353,17,20.18071851964478,-95.63408729511495,0.01836,False,,False,0,,0,,27
85.724,38.908276274,0.713134765625,0.3876953125,-0.00390625,-10.106870229007633,7.969465648854961,-22.9618320610687,3352,313,4,11.101342298941656,-91.24698899189383,0.00432,False,,False,0,,0,,27
85.929,39.11000429500001,0.869384765625,0.335205078125,-0.005126953125,6.1679389312977095,21.64885496183206,-7.908396946564885,6216,278,-6,4.021752455191656,-92.25447390199406,-0.0064800000000000005,False,,False,0,,0,,28
86.129,39.31140185700002,1.039306640625,0.246337890625,0.023681640625,43.603053435114504,8.0,15.81679389312977,8908,519,6,-2.632666490120844,-96.1488346530734,0.0064800000000000005,False,,False,0,,0,,28
86.32900000000001,39.51279654900003,0.804931640625,0.72412109375,-0.18505859375,-19.938931297709924,-1.5572519083969465,11.083969465648854,11161,3,0,-8.201910874886469,-101.25150186271854,0.0,False,,False,0,,0,,28
86.534,39.714215704000026,0.797119140625,0.36376953125,-0.063232421875,-15.877862595419847,-26.381679389312975,-0.12213740458015267,-1634,-770,-5,23.42635450597291,-102.81811646154448,-0.0054,False,,False,0,,0,,27
86.73400000000001,39.915819562000024,0.921142578125,0.212646484375,-0.204833984375,-25.038167938931295,-15.938931297709923,-1.6793893129770991,-3406,419,0,27.80660352941041,-97.17768504839461,0.0,False,,False,0,,0,,28
86.934,40.117496345999996,1.095703125,1.03076171875,-0.28369140625,-18.99236641221374,-13.526717557251908,12.0,1228,1035,9,16.351708509879156,-90.66531607772929,0.00972,False,,False,0,,0,,27
87.139,40.318884542000035,0.81787109375,0.478271484375,0.000244140625,19.877862595419845,29.374045801526716,3.480916030534351,5000,212,-1,7.027611830191656,-89.71901082974084,-0.00108,False,,False,0,,0,,28
87.339,40.520334257,0.913818359375,0.268798828125,0.00390625,20.12213740458015,5.435114503816794,-3.480916030534351,6936,258,10,2.241967298941656,-93.05465150998035,0.0108,False,,False,0,,0,,27
87.539,40.722106897,1.145263671875,0.375,-0.000732421875,46.9618320610687,6.564885496183206,19.725190839694655,10962,419,-11,-7.709998033089594,-98.3322243559124,-0.01188,False,,False,0,,0,,27
87.744,40.923711870000034,1.40576171875,0.026611328125,-0.26904296875,-3.1755725190839694,0.3969465648854962,-11.66412213740458,3659,-1913,-8,10.342461683707281,-102.26806169382417,-0.00864,False,,False,0,,0,,28
87.944,41.125265548000016,0.72998046875,0.197998046875,-0.12060546875,-24.427480916030532,-21.893129770992367,-3.5114503816793894,-4566,17,-5,30.67403517003541,-99.68961946475673,-0.0054,False,,False,0,,0,,28
88.144,41.32687271000003,1.0654296875,0.33251953125,-0.37939453125,-24.702290076335878,-5.709923664122138,19.236641221374047,-1882,640,10,24.03939161534791,-92.58166201247718,0.0108,False,,False,0,,0,,27
88.34400000000001,41.52827337399998,0.83349609375,0.415283203125,-0.04541015625,-10.13740458015267,19.603053435114504,-18.3206106870229,3092,532,2,11.744042494254156,-88.89826161490386,0.00216,False,,False,0,,0,,27
88.549,41.729717741,0.859619140625,0.314697265625,-0.045166015625,15.908396946564885,19.48091603053435,-9.49618320610687,5984,284,2,4.595238783316656,-90.97003704476985,0.00216,False,,False,0,,0,,27
88.749,41.93111857100001,1.03759765625,0.1884765625,-0.013671875,23.725190839694655,4.030534351145038,8.15267175572519,9390,527,-2,-3.824133775277094,-96.16389569556306,-0.00216,False,,False,0,,0,,28
88.949,42.13257595599998,0.694580078125,0.883056640625,-0.15869140625,-28.610687022900763,-18.015267175572518,6.931297709923664,11557,4,0,-9.180792710823969,-102.43868362495581,0.0,False,,False,0,,0,,28
89.154,42.33413916000001,0.830322265625,0.28173828125,-0.1044921875,-22.62595419847328,-23.14503816793893,-8.702290076335878,-2212,-890,-9,24.85512647862916,-104.56033380498882,-0.00972,False,,False,0,,0,,28
89.354,42.53558471600002,0.915283203125,0.24951171875,-0.175537109375,-13.923664122137405,-7.114503816793893,-6.198473282442748,-4077,496,-24,29.465264418082285,-98.61974078397536,-0.025920000000000002,False,,False,0,,0,,27
89.554,42.73714242,1.107177734375,0.675048828125,-0.1552734375,-17.00763358778626,-4.183206106870228,19.450381679389313,429,1033,12,18.32677564855103,-91.48520327701355,0.012960000000000001,False,,False,0,,0,,27
89.754,42.93855638299999,0.705078125,0.588134765625,-0.032958984375,22.381679389312975,30.870229007633586,6.8396946564885495,4553,198,-11,8.132561781363531,-90.14506909526307,-0.01188,False,,False,0,,0,,28
89.959,43.140054365000026,0.967529296875,0.197998046875,-0.019775390625,17.740458015267176,7.175572519083969,-3.2061068702290076,7066,467,-5,1.9206172012854061,-93.55804285533435,-0.0054,False,,False,0,,0,,28
90.159,43.341649572999984,1.17724609375,0.374267578125,-0.033935546875,54.045801526717554,21.43511450381679,22.65648854961832,11255,436,1,-8.434271714730219,-99.20398297641475,0.00108,False,,False,0,,0,,28
90.35900000000001,43.54309985499998,1.182373046875,0.292724609375,-0.0908203125,5.1603053435114505,14.076335877862595,-19.603053435114504,5350,-2136,3,6.162438490347906,-103.81777423228422,0.0032400000000000003,False,,False,0,,0,,28
90.56400000000001,43.74462734000002,0.78564453125,0.179931640625,-0.12255859375,-21.679389312977097,-29.00763358778626,-6.687022900763359,-5694,-203,7,33.46236524816041,-101.61031412440626,0.007560000000000001,False,,False,0,,0,,28
90.764,43.946022586000026,1.052734375,0.36474609375,-0.318603515625,-29.832061068702288,-6.687022900763359,9.068702290076336,-3140,625,-8,27.14907179112916,-93.54328567418855,-0.00864,False,,False,0,,0,,28
90.964,44.147472053,0.41064453125,0.39697265625,0.0390625,-5.374045801526718,0.2748091603053435,-18.870229007633586,2384,171,-18,13.494164564566656,-88.5591574282193,-0.01944,False,,False,0,,0,,28
91.169,44.34906465300003,0.945068359375,0.220458984375,-0.06884765625,17.557251908396946,29.00763358778626,0.15267175572519084,5640,424,-12,5.445580580191656,-90.15287587937374,-0.012960000000000001,False,,False,0,,0,,28
91.369,44.55067980900003,0.993408203125,0.305419921875,0.0107421875,36.396946564885496,7.969465648854961,15.541984732824426,8866,529,-2,-2.528845689339594,-95.37391844875349,-0.00216,False,,False,0,,0,,28
91.569,44.752186483,1.005859375,0.666015625,-0.167724609375,15.725190839694656,1.984732824427481,19.083969465648853,11961,-16,4,-10.179449937386469,-101.95874230227817,0.00432,False,,False,0,,0,,28
91.774,44.953795195,0.785400390625,0.37890625,-0.061279296875,-20.061068702290076,-28.488549618320608,-10.564885496183205,-1297,-1176,7,22.593316175894785,-104.85755929720466,0.007560000000000001,False,,False,0,,0,,28
91.974,45.15526261000002,0.789794921875,0.2724609375,-0.19140625,-25.770992366412212,-10.351145038167939,-4.824427480916031,-4989,99,1,31.719658949332285,-99.41587024747466,0.00108,False,,False,0,,0,,28
92.174,45.35665025100002,1.456298828125,0.630615234375,-0.3173828125,-50.65648854961832,-25.893129770992367,-5.251908396946565,-1416,509,-50,22.88747511144166,-91.52250010388363,-0.054,False,,False,0,,0,,28
92.374,45.55807639300002,0.855224609375,0.49072265625,-0.054443359375,-0.8244274809160305,31.603053435114504,8.427480916030534,3860,506,7,9.845604994254156,-89.06195725395347,0.007560000000000001,False,,False,0,,0,,28
92.57900000000001,45.75976975499998,0.941650390625,0.28759765625,-0.049560546875,16.916030534351144,8.977099236641221,-8.732824427480915,6930,338,4,2.256798841910406,-92.31856657970627,0.00432,False,,False,0,,0,,28
92.779,45.961273618999996,1.142578125,0.21484375,-0.002197265625,26.229007633587784,10.167938931297709,18.229007633587784,10880,460,-7,-7.507300279183344,-98.46019667032289,-0.007560000000000001,False,,False,0,,0,,28
92.979,46.162649112,0.99072265625,0.457275390625,-0.0224609375,17.221374045801525,8.580152671755725,-24.15267175572519,7382,-2072,-15,1.1394892715979061,-104.06535993793456,-0.0162,False,,False,0,,0,,27
93.184,46.364138201,0.734130859375,0.154296875,-0.152099609375,-20.15267175572519,-29.374045801526716,-3.9083969465648853,-3104,-218,17,27.06008253331666,-103.74457749940991,0.01836,False,,False,0,,0,,27
93.384,46.565705105000006,1.046630859375,0.255615234375,-0.335693359375,-35.32824427480916,-10.015267175572518,2.8702290076335877,-870,507,4,21.53780470128541,-97.50442087225547,0.00432,False,,False,0,,0,,27
93.584,46.76751567399998,0.43603515625,0.387939453125,-0.025634765625,-20.30534351145038,-4.977099236641221,-22.259541984732824,2753,202,-3,12.582024671988531,-92.87814401170488,-0.0032400000000000003,False,,False,0,,0,,27
93.789,46.968934004000005,0.99609375,0.215576171875,-0.03369140625,24.15267175572519,41.80152671755725,-3.7557251908396947,4666,425,-11,7.853234388785406,-93.00600533653302,-0.01188,False,,False,0,,0,,27
93.989,47.17048064900001,0.97412109375,0.3056640625,-0.017822265625,33.43511450381679,12.244274809160306,7.786259541984733,7460,520,28,0.9466792130041561,-95.82814805358764,0.030240000000000003,False,,False,0,,0,,28
94.18900000000001,47.37188418599999,1.14599609375,0.491943359375,-0.012939453125,-13.557251908396946,5.312977099236641,28.091603053435115,9827,-16,3,-4.904364488167719,-100.11754099936556,0.0032400000000000003,False,,False,0,,0,,27
94.389,47.57337011200002,0.811767578125,0.41357421875,-0.041259765625,-13.16030534351145,-50.74809160305343,4.885496183206107,-1411,-818,1,22.875115492301035,-101.6920715982408,0.00108,False,,False,0,,0,,28
94.59400000000001,47.775365462000025,0.8388671875,0.202880859375,-0.21875,-0.3969465648854962,-1.8625954198473282,-0.5190839694656488,-3764,0,0,28.69155225987916,-96.71102309748892,0.0,False,,False,0,,0,,27
94.794,47.976868276999994,1.453857421875,0.55078125,-0.282958984375,-36.76335877862595,-6.809160305343511,9.404580152671755,-1068,779,12,22.02724561925416,-90.17957567739433,0.012960000000000001,False,,False,0,,0,,28
94.994,48.178481369,0.81298828125,0.621337890625,-0.11962890625,20.763358778625953,42.351145038167935,13.343511450381678,4101,505,-12,9.249871351676031,-88.53757608844481,-0.012960000000000001,False,,False,0,,0,,27
95.199,48.37994805699998,0.938720703125,0.333740234375,-0.1083984375,22.229007633587784,10.229007633587786,6.717557251908397,6923,320,4,2.274102308707281,-92.03041593159087,0.00432,False,,False,0,,0,,28
95.399,48.581672486,1.0751953125,0.109619140625,-0.038818359375,36.33587786259542,1.83206106870229,17.31297709923664,11026,579,-10,-7.868201158089594,-98.2380036196892,-0.0108,False,,False,0,,0,,27
95.599,48.783085841,0.787109375,0.6005859375,-0.097412109375,11.908396946564885,4.2748091603053435,-26.045801526717558,9258,-1864,-13,-3.497839829964594,-104.34864215185314,-0.01404,False,,False,0,,0,,27
95.804,48.984721862000015,0.769775390625,0.17529296875,-0.193115234375,-26.931297709923662,-25.557251908396946,-13.374045801526718,-2205,-523,-11,24.837823011832285,-104.98952014466394,-0.01188,False,,False,0,,0,,27
96.004,49.18612047700003,1.052734375,0.2373046875,-0.265869140625,-26.076335877862594,-0.48854961832061067,-2.8396946564885495,-2124,400,-12,24.63759718175416,-98.68791981880798,-0.012960000000000001,False,,False,0,,0,,28
96.20400000000001,49.387798927000006,0.675537109375,0.872314453125,0.010498046875,14.961832061068701,-3.1755725190839694,-0.9770992366412213,2083,525,28,14.238213636832281,-92.76667764653212,0.030240000000000003,False,,False,0,,0,,27
96.409,49.589431359,0.8388671875,0.44140625,-0.066650390625,19.450381679389313,25.526717557251906,-5.007633587786259,4445,178,-1,8.399529554801031,-91.93719972047913,-0.00108,False,,False,0,,0,,27
96.60900000000001,49.790830013000004,0.871826171875,0.276123046875,-0.08203125,11.81679389312977,6.015267175572519,3.0839694656488548,6862,357,-1,2.424889662222906,-94.50006174664777,-0.00108,False,,False,0,,0,,27
96.809,49.99231477799998,1.206787109375,0.35400390625,0.026611328125,36.33587786259542,7.8473282442748085,33.83206106870229,10521,196,-2,-6.619879624886469,-98.97213190562586,-0.00216,False,,False,0,,0,,27
97.014,50.19400659900003,1.001953125,0.25,-0.280029296875,-24.549618320610687,-30.931297709923662,0.6717557251908397,1254,-1454,1,16.287438490347906,-101.8015335069784,0.00108,False,,False,0,,0,,27
97.214,50.39559233099999,0.789794921875,0.1708984375,-0.115478515625,-21.557251908396946,-16.15267175572519,-5.587786259541985,-4037,-1,1,29.366387464957285,-98.2369046292535,0.00108,False,,False,0,,0,,28
97.414,50.597077135999996,1.33984375,0.41943359375,-0.34912109375,-28.30534351145038,-16.396946564885496,9.282442748091603,-412,447,-14,20.40566358800416,-91.82768616158823,-0.015120000000000001,False,,False,0,,0,,27
97.614,50.798626033999994,0.793212890625,0.560546875,0.032958984375,-5.435114503816794,35.23664122137404,-11.81679389312977,4573,222,-2,8.083123304801031,-89.85116378858362,-0.00216,False,,False,0,,0,,27
97.819,51.000314487000026,0.9267578125,0.320068359375,-0.019775390625,6.412213740458015,6.5038167938931295,-13.31297709923664,7037,171,0,1.9923029923010311,-93.07648850826324,0.0,False,,False,0,,0,,28
98.019,51.20173590500002,1.0576171875,0.154052734375,0.020263671875,40.2442748091603,-1.0687022900763359,13.618320610687022,10318,363,-7,-6.118079087777094,-98.6053655708836,-0.007560000000000001,False,,False,0,,0,,28
98.21900000000001,51.403277731,0.580078125,0.8232421875,-0.17431640625,8.67175572519084,0.8244274809160305,-30.62595419847328,8683,-1950,-16,-2.076483628792719,-103.78943963176278,-0.01728,False,,False,0,,0,,28
98.424,51.60481774300001,0.718505859375,0.27783203125,-0.14892578125,-32.2442748091603,-19.236641221374047,-8.885496183206106,-3245,-430,8,27.408623793082285,-103.63036653240486,0.00864,False,,False,0,,0,,28
98.624,51.806553328999996,1.0654296875,0.33349609375,-0.24755859375,-28.183206106870227,8.366412213740457,7.938931297709924,-2530,546,21,25.64119825597291,-96.8900719689323,0.022680000000000002,False,,False,0,,0,,28
98.824,52.00806874800003,0.3427734375,0.54931640625,0.135986328125,11.145038167938932,0.6106870229007634,-4.152671755725191,2269,392,-16,13.778435804801031,-91.18098585970993,-0.01728,False,,False,0,,0,,28
99.029,52.209581817000014,0.975341796875,0.23291015625,-0.02197265625,11.84732824427481,26.687022900763356,-0.3969465648854962,5271,345,0,6.357720472769781,-91.2212154838485,0.0,False,,False,0,,0,,27
99.229,52.41124864599999,0.958984375,0.30859375,0.042236328125,27.297709923664122,4.977099236641221,7.8473282442748085,7941,400,-9,-0.2423161483239689,-94.91910722704016,-0.00972,False,,False,0,,0,,28
99.429,52.61265205000001,1.11767578125,0.2939453125,0.003173828125,23.69465648854962,1.9236641221374045,21.16030534351145,10543,-9,0,-6.674261949105219,-100.10368419461203,0.0,False,,False,0,,0,,28
99.634,52.81438524999999,0.790283203125,0.31689453125,-0.1376953125,-21.64885496183206,-58.351145038167935,-6.961832061068702,207,-1253,-4,18.87554273839478,-102.57833091871264,-0.00432,False,,False,0,,0,,28
99.834,53.016150633999985,0.759521484375,0.241455078125,-0.2197265625,-4.091603053435114,-9.49618320610687,4.580152671755725,-3510,5,2,28.06368360753541,-98.3343514606878,0.00216,False,,False,0,,0,,28
100.034,53.217689224000026,1.041015625,-0.0224609375,-0.40380859375,-25.49618320610687,-3.847328244274809,15.908396946564885,-2045,166,3,24.442315199332285,-91.46796812353307,0.0032400000000000003,False,,False,0,,0,,28
100.239,53.41923459399999,1.029052734375,0.23681640625,-0.062744140625,-34.29007633587786,17.557251908396946,-7.206106870229007,1775,447,-20,14.999566175894781,-88.18573045542942,-0.0216,False,,False,0,,0,,28
100.43900000000001,53.620794241,0.769775390625,0.37353515625,-0.061279296875,-16.85496183206107,14.778625954198473,-7.877862595419847,7142,724,-5,1.7327509903479061,-90.23467354611965,-0.0054,False,,False,0,,0,,28
100.639,53.822303722000015,0.981201171875,0.24853515625,-0.052734375,37.49618320610687,17.221374045801525,-3.0534351145038165,10687,383,26,-7.030218980355219,-96.50909296118263,0.02808,False,,False,0,,0,,28
100.84400000000001,54.02399709100001,0.4931640625,0.822998046875,-0.0771484375,27.450381679389313,5.984732824427481,-14.320610687022901,10354,-1385,20,-6.207068345589594,-103.53149450102055,0.0216,False,,False,0,,0,,28
101.044,54.22554766500002,0.749755859375,0.31298828125,-0.166015625,-4.2748091603053435,-21.709923664122137,-11.17557251908397,-3086,-475,-5,27.01558790441041,-104.79308164997971,-0.0054,False,,False,0,,0,,28
101.244,54.42704007399999,0.887939453125,0.339599609375,-0.319580078125,-21.068702290076335,-15.358778625954198,0.9770992366412213,-4476,10,0,30.45156202550416,-97.82564609699581,0.0,False,,False,0,,0,,28
101.444,54.628557667999985,0.810302734375,1.062255859375,-0.10546875,-5.679389312977099,-18.076335877862594,5.374045801526718,1582,797,7,15.476647474722906,-90.76317509781762,0.007560000000000001,False,,False,0,,0,,27
101.649,54.83018191100001,0.767578125,0.424072265625,-0.022705078125,30.3206106870229,31.93893129770992,1.0076335877862594,4548,226,0,8.144921400504156,-90.06277135448964,0.0,False,,False,0,,0,,28
101.849,55.03160765299998,0.920166015625,0.2705078125,-0.094970703125,42.473282442748086,15.541984732824426,14.473282442748092,7385,393,8,1.1320735001135311,-93.71524808216306,0.00864,False,,False,0,,0,,27
102.049,55.23315837900003,1.188232421875,0.266357421875,-0.0947265625,29.16030534351145,0.5801526717557252,23.78625954198473,11802,454,-12,-9.786414048714594,-99.49212085409874,-0.012960000000000001,False,,False,0,,0,,28
102.254,55.43480675300003,1.281982421875,0.062255859375,-0.27294921875,-22.65648854961832,2.4427480916030535,-10.839694656488549,3993,-1889,-4,9.516839125113531,-103.95022807401261,-0.00432,False,,False,0,,0,,28
102.45400000000001,55.636406350000016,0.766357421875,0.16845703125,-0.1435546875,-31.96946564885496,-21.0381679389313,-6.778625954198473,-3596,-4,-10,28.27626905675416,-101.58146039283898,-0.0108,False,,False,0,,0,,27
102.654,55.837842206000005,1.0224609375,0.244873046875,-0.346435546875,-23.206106870229007,-12.305343511450381,11.84732824427481,-850,410,-6,21.48836622472291,-94.6645917710643,-0.0064800000000000005,False,,False,0,,0,,28
102.85900000000001,56.03944432200001,0.81201171875,0.455810546875,-0.08056640625,-15.725190839694656,24.916030534351144,-17.679389312977097,3396,432,1,10.992577650504156,-90.87117143747243,0.00108,False,,False,0,,0,,27
103.059,56.24109506799999,0.924560546875,0.27587890625,0.013916015625,17.34351145038168,26.259541984732824,-16.27480916030534,6019,202,3,4.508721449332281,-92.21971367792682,0.0032400000000000003,False,,False,0,,0,,27
103.259,56.442576797000015,0.97509765625,0.27197265625,0.0361328125,23.389312977099237,4.458015267175572,7.877862595419847,8290,486,19,-1.1050175643395939,-96.31014634859469,0.02052,False,,False,0,,0,,27
103.464,56.64440209899999,0.88525390625,0.819580078125,-0.064697265625,-12.061068702290076,-9.954198473282442,2.595419847328244,10273,-6,-1,-6.006842515511469,-101.19509424045408,-0.00108,False,,False,0,,0,,27
103.664,56.845874329000026,0.708984375,0.41748046875,-0.03857421875,-10.351145038167939,-27.389312977099234,3.969465648854962,-2534,-869,3,25.65108595128541,-102.23612720342938,0.0032400000000000003,False,,False,0,,0,,28
103.864,57.047440983,0.876708984375,0.288818359375,-0.256591796875,-26.35114503816794,-16.458015267175572,0.183206106870229,-4482,19,0,30.46639356847291,-96.06925192362131,0.0,False,,False,0,,0,,28
104.069,57.249221121000005,0.68798828125,0.87451171875,-0.078369140625,-7.297709923664121,-16.366412213740457,15.755725190839694,1423,678,9,15.869683363394781,-89.42021588310875,0.00972,False,,False,0,,0,,28
104.269,57.45060383399999,0.806396484375,0.406982421875,0.009033203125,26.99236641221374,27.267175572519083,5.465648854961832,5666,318,-8,5.381310560660406,-89.0943433518893,-0.00864,False,,False,0,,0,,27
104.46900000000001,57.65200575099999,0.8828125,0.235107421875,0.005859375,11.236641221374045,3.32824427480916,-7.572519083969465,8129,397,0,-0.7070378280114689,-93.6156174298676,0.0,False,,False,0,,0,,27
104.669,57.853619149,1.156982421875,0.3857421875,-0.02001953125,38.5648854961832,10.564885496183205,20.0,12176,376,25,-10.710913560433344,-100.0626056381403,0.027,False,,False,0,,0,,27
104.874,58.05535308399999,1.2861328125,0.173828125,-0.24365234375,2.6564885496183206,1.7404580152671756,-21.923664122137403,4547,-2187,-9,8.147393324332281,-104.67173359957353,-0.00972,False,,False,0,,0,,28
105.074,58.25684668700001,0.7314453125,0.205322265625,-0.168701171875,-16.48854961832061,-22.045801526717558,-8.51908396946565,-5253,-79,3,32.372246839957285,-101.78838002302561,0.0032400000000000003,False,,False,0,,0,,28
105.274,58.458585475999996,1.037841796875,0.3974609375,-0.381103515625,-21.954198473282442,1.0687022900763359,11.725190839694656,-1974,794,-1,24.26680860753541,-93.60311043941917,-0.00108,False,,False,0,,0,,28
105.479,58.660169801999984,0.795654296875,0.385009765625,-0.08544921875,-10.076335877862595,9.099236641221374,-17.832061068702288,2546,427,-7,13.093712904410406,-88.86361079934449,-0.007560000000000001,False,,False,0,,0,,27
105.679,58.86182525800001,0.908935546875,0.26904296875,-0.04345703125,15.572519083969466,25.251908396946565,-7.694656488549618,5668,311,0,5.376366713004156,-90.15553215337764,0.0,False,,False,0,,0,,27
105.879,59.06340434399999,1.0693359375,0.256591796875,-0.030517578125,34.717557251908396,11.81679389312977,9.709923664122137,7879,533,-2,-0.08905687098021889,-94.6746608978906,-0.00216,False,,False,0,,0,,28
106.084,59.26494518999999,0.9609375,0.662109375,-0.145751953125,3.114503816793893,0.916030534351145,17.98473282442748,10981,-26,2,-7.756964585823969,-100.33100089865432,0.00216,False,,False,0,,0,,27
106.284,59.466625685,0.806640625,0.3701171875,-0.078369140625,-22.62595419847328,-35.93893129770992,-5.893129770992366,-2031,-1167,8,24.407708265738535,-102.41237714202602,0.00864,False,,False,0,,0,,27
106.48400000000001,59.66832031000001,0.83642578125,0.26025390625,-0.28271484375,-39.41984732824427,-28.732824427480914,5.374045801526718,-4977,50,-3,31.689995863394785,-96.82005781803552,-0.0032400000000000003,False,,False,0,,0,,27
106.68900000000001,59.869953898000006,1.251220703125,0.82373046875,-0.1201171875,-8.82442748091603,-0.5190839694656488,-7.114503816793893,-1757,-4,0,23.730401136832285,-89.28263849574458,0.0,False,,False,0,,0,,28
106.889,60.071680356,0.73974609375,0.678955078125,-0.037109375,9.038167938931297,24.213740458015266,9.282442748091603,-50,476,-5,19.510827162222906,-86.22038781321542,-0.0054,False,,False,0,,0,,28
107.089,60.27315766800001,0.963134765625,0.32421875,0.010498046875,33.19083969465649,11.81679389312977,-11.419847328244275,2799,377,3,12.468316175894781,-87.40416203082995,0.0032400000000000003,False,,False,0,,0,,27
107.294,60.47481581300002,0.990966796875,0.1650390625,-0.019775390625,31.358778625954198,-6.717557251908397,6.229007633587786,7457,458,19,0.9540949844885311,-91.84774290202421,0.02052,False,,False,0,,0,,27
107.494,60.676507625,0.87744140625,0.55810546875,-0.03857421875,-3.8167938931297707,-10.595419847328245,-18.198473282442748,5466,-1773,-6,5.875695326285406,-97.48046121825017,-0.0064800000000000005,False,,False,0,,0,,28
107.694,60.878073882000024,0.79833984375,0.31103515625,-0.168212890625,-17.893129770992367,-13.83206106870229,-1.9541984732824427,-4273,-449,5,29.949761488394785,-98.72396142478325,0.0054,False,,False,0,,0,,28
107.899,61.079535806000024,0.990966796875,0.18603515625,-0.14453125,-23.267175572519083,-8.427480916030534,2.015267175572519,-4350,445,-10,30.14009962316041,-93.98263728813538,-0.0108,False,,False,0,,0,,27
108.099,61.28122252700001,0.824951171875,1.080078125,-0.144775390625,-8.916030534351144,-20.061068702290076,0.2748091603053435,488,688,12,18.180932142691656,-89.83024834283171,0.012960000000000001,False,,False,0,,0,,27
108.299,61.48276873000003,0.89111328125,0.5517578125,0.013916015625,37.83206106870229,30.65648854961832,7.816793893129771,3929,139,-12,9.675042250113531,-90.92775717563673,-0.012960000000000001,False,,False,0,,0,,28
108.504,61.684433748000004,0.925048828125,0.275390625,-0.049072265625,13.099236641221374,-0.12213740458015267,-2.8702290076335877,6070,135,0,4.382653334097906,-95.49449197064354,0.0,False,,False,0,,0,,28
108.70400000000001,61.885868026000026,1.04248046875,0.13916015625,0.016845703125,43.02290076335878,7.755725190839694,10.13740458015267,8204,366,3,-0.8924321151208439,-100.86502956534923,0.0032400000000000003,False,,False,0,,0,,27
108.904,62.08746741499999,0.91259765625,0.156005859375,-0.22314453125,50.74809160305343,-0.9465648854961831,25.12977099236641,9505,-348,18,-4.108405015511469,-105.84716430073213,0.01944,False,,False,0,,0,,28
109.10900000000001,62.288979453000024,0.88232421875,0.28515625,-0.195068359375,-31.053435114503817,-22.748091603053435,9.618320610687023,819,-353,-5,17.36272535558228,-107.35123584225134,-0.0054,False,,False,0,,0,,28
109.309,62.49048273300002,0.8642578125,0.2099609375,-0.1650390625,-17.49618320610687,-10.595419847328245,3.145038167938931,-1698,0,0,23.58455763097291,-102.87543819176871,0.0,False,,False,0,,0,,28
109.509,62.69189477200001,0.946044921875,0.223388671875,-0.27880859375,-35.26717557251908,-13.190839694656487,-1.8625954198473282,58,175,-3,19.243859388785406,-96.56312218400379,-0.0032400000000000003,False,,False,0,,0,,28
109.709,62.89336364400003,0.757568359375,0.21875,-0.0380859375,-3.7557251908396947,7.297709923664121,-14.900763358778626,2667,16,1,12.794610121207281,-93.43927039860667,0.00108,False,,False,0,,0,,28
109.914,63.095169941999984,0.92041015625,0.32275390625,-0.0263671875,15.358778625954198,20.641221374045802,-8.15267175572519,4292,10,0,8.777733900504156,-93.79384638231365,0.0,False,,False,0,,0,,28
110.114,63.29690924099998,0.8564453125,0.397705078125,-0.05322265625,31.053435114503817,13.923664122137405,-14.13740458015267,5530,-11,2,5.717492201285406,-95.92068135281932,0.00216,False,,False,0,,0,,28
110.31400000000001,63.498500374,0.9794921875,0.2275390625,0.01904296875,19.32824427480916,14.65648854961832,-2.6564885496183206,6624,309,14,3.013207533316656,-98.59850279097033,0.015120000000000001,False,,False,0,,0,,28
110.519,63.700013489000014,0.984619140625,0.506591796875,-0.087158203125,34.717557251908396,0.4580152671755725,5.374045801526718,8164,31,2,-0.7935551619958439,-101.35825317868063,0.00216,False,,False,0,,0,,28
110.71900000000001,63.90157527100001,0.868896484375,0.27392578125,-0.114501953125,-16.458015267175572,-9.404580152671755,6.931297709923664,7859,-638,17,-0.03961839441771889,-103.6197416457192,0.01836,False,,False,0,,0,,28
110.919,64.103033219,0.93115234375,0.391357421875,-0.15673828125,-30.839694656488547,-19.63358778625954,-3.0534351145038165,-1111,-765,8,22.133538343863535,-102.48071766088259,0.00864,False,,False,0,,0,,28
111.124,64.304477706,1.029296875,0.144775390625,-0.140625,-12.67175572519084,-6.229007633587786,15.633587786259541,-3174,437,-19,27.23311720128541,-96.22888816595491,-0.02052,False,,False,0,,0,,28
111.324,64.50600417499999,0.83740234375,0.376953125,-0.047607421875,-52.854961832061065,-20.27480916030534,-4.763358778625954,895,410,-17,17.17485914464478,-89.96539175063164,-0.01836,False,,False,0,,0,,28
111.524,64.70753286600001,0.896728515625,0.51171875,-0.0078125,-4.0,12.977099236641221,4.366412213740458,2244,413,-3,13.840233900504156,-88.31608672966885,-0.0032400000000000003,False,,False,0,,0,,28
111.729,64.909070928,0.864501953125,0.47509765625,0.008544921875,24.519083969465647,21.068702290076335,-14.839694656488549,4380,83,2,8.560204603629156,-90.1002946433677,0.00216,False,,False,0,,0,,28
111.929,65.11067128500002,0.905517578125,0.304443359375,-0.025634765625,33.099236641221374,20.091603053435115,-2.5038167938931295,5320,0,1,6.236596205191656,-93.30150725045104,0.00108,False,,False,0,,0,,28
112.129,65.31212949600001,0.882080078125,0.403076171875,-0.021484375,19.48091603053435,6.717557251908397,-7.511450381679389,5308,-13,0,6.266259291129156,-96.58006276454685,0.0,False,,False,0,,0,,28
112.32900000000001,65.51367539300003,0.921875,0.40185546875,-0.041015625,10.442748091603052,4.213740458015267,-0.030534351145038167,4080,1,0,9.301781752066656,-98.63392999873001,0.0,False,,False,0,,0,,28
112.534,65.715412604,0.861083984375,0.488525390625,-0.0341796875,7.32824427480916,-0.3969465648854962,1.4045801526717556,4079,7,0,9.304253675894781,-99.15445380858772,0.0,False,,False,0,,0,,28
112.73400000000001,65.91696814900001,0.824462890625,0.642333984375,-0.0634765625,51.786259541984734,21.587786259541986,-5.893129770992366,4076,1,-1,9.311669447379156,-98.90907631746126,-0.00108,False,,False,0,,0,,28
112.934,66.11866028600002,0.889892578125,0.50048828125,-0.101806640625,109.58778625954199,23.877862595419845,-18.16793893129771,149,-355,-15,19.01891432042603,-97.56922620203696,-0.0162,False,,False,0,,0,,28
113.139,66.320247795,0.838134765625,0.258056640625,-0.263916015625,93.00763358778626,33.43511450381679,-20.335877862595417,-57,5,-1,19.52813062901978,-94.6113985656623,-0.00108,False,,False,0,,0,,27
113.339,66.521933934,1.16748046875,0.431640625,-0.263427734375,48.12213740458015,54.01526717557252,7.3893129770992365,682,511,11,17.701378920035406,-91.91507336105865,0.01188,False,,False,0,,0,,28
113.539,66.72345429500001,0.853759765625,0.4873046875,0.075439453125,75.17557251908397,58.38167938931297,4.854961832061068,3004,349,2,11.961571791129156,-91.43501860391773,0.00216,False,,False,0,,0,,28
113.744,66.92515880400003,1.004638671875,0.20068359375,-0.01416015625,60.76335877862595,36.61068702290076,-9.31297709923664,4636,1,-2,7.927392103629156,-93.25297914931093,-0.00216,False,,False,0,,0,,28
113.944,67.126524259,0.81201171875,0.3857421875,0.05908203125,62.351145038167935,14.564885496183205,7.267175572519084,4595,-16,-2,8.028740980582281,-95.97648133056049,-0.00216,False,,False,0,,0,,27
114.144,67.328123473,0.3291015625,0.67529296875,-0.077880859375,67.14503816793894,12.702290076335878,21.832061068702288,-1068,-1067,11,22.02724561925416,-96.72199386538453,0.01188,False,,False,0,,0,,27
114.349,67.52967063300002,1.29833984375,0.585693359375,-0.114501953125,33.9236641221374,-3.3893129770992365,-13.221374045801527,-7740,-798,-22,38.51992140050416,-92.73255427457407,-0.02376,False,,False,0,,0,,27
114.549,67.73128051399999,0.634033203125,0.105712890625,-0.15234375,-3.877862595419847,1.2213740458015268,0.8244274809160305,-7056,1316,8,36.82912550206666,-85.94924677101875,0.00864,False,,False,0,,0,,27
114.74900000000001,67.932671137,1.12841796875,0.689208984375,-0.339111328125,25.923664122137403,-11.633587786259541,2.5038167938931295,747,157,-12,17.54070387120728,-83.09459776885099,-0.012960000000000001,False,,False,0,,0,,28
114.95400000000001,68.13436542599999,0.83935546875,0.570068359375,-0.1328125,-1.8625954198473282,27.114503816793892,4.152671755725191,5478,252,-7,5.846032240347906,-87.51746934655924,-0.007560000000000001,False,,False,0,,0,,27
115.154,68.335894865,0.99560546875,0.23681640625,0.01220703125,22.50381679389313,0.0916030534351145,13.435114503816793,7946,370,-9,-0.25467576746459386,-95.85664893948407,-0.00972,False,,False,0,,0,,27
115.354,68.53728473000001,1.146240234375,0.5537109375,-0.043212890625,34.3206106870229,1.83206106870229,23.63358778625954,13220,385,5,-13.291602036995844,-104.92428563080368,0.0054,False,,False,0,,0,,27
115.554,68.738773928,0.950439453125,0.125,-0.26513671875,-43.541984732824424,-51.20610687022901,-12.67175572519084,2172,-1597,-4,14.018212416129156,-110.58661653796362,-0.00432,False,,False,0,,0,,28
115.759,68.940380404,0.740234375,0.23828125,-0.134521484375,-70.62595419847328,-28.183206106870227,4.305343511450381,-2371,46,-2,25.248162367301035,-107.79831454547421,-0.00216,False,,False,0,,0,,28
115.959,69.14165484300003,1.646240234375,0.567626953125,-0.156982421875,-78.83969465648855,-23.541984732824428,3.5114503816793894,-1056,117,-5,21.99758253331666,-100.42617647954694,-0.0054,False,,False,0,,0,,27
116.159,69.34289302500002,0.7490234375,0.627197265625,0.0029296875,-28.580152671755723,11.297709923664122,12.763358778625953,2046,648,18,14.329674818472906,-95.69283698212054,0.01944,False,,False,0,,0,,27
116.364,69.54440555899998,0.92529296875,0.28076171875,0.02392578125,8.091603053435113,2.778625954198473,2.4427480916030535,6029,377,6,4.484002211051031,-95.54044354656511,0.0064800000000000005,False,,False,0,,0,,28
116.56400000000001,69.74600040600001,1.06396484375,0.416259765625,0.009033203125,3.3893129770992365,-3.8167938931297707,16.885496183206108,10823,563,7,-7.366400620980219,-99.34894343131089,0.007560000000000001,False,,False,0,,0,,28
116.764,69.94751762499999,1.00439453125,0.365478515625,-0.08544921875,16.244274809160306,2.6564885496183206,-29.740458015267173,7951,-1993,-14,-0.26703538660521886,-104.18184126411248,-0.015120000000000001,False,,False,0,,0,,27
116.96900000000001,70.14930558399999,0.721435546875,0.28955078125,-0.1318359375,-43.05343511450381,-25.404580152671755,2.8396946564885495,-1733,-206,9,23.671074964957285,-104.07090190168039,0.00972,False,,False,0,,0,,27
117.169,70.350719433,1.0185546875,0.2138671875,-0.136474609375,-6.8396946564885495,17.709923664122137,8.305343511450381,-113,215,-13,19.66655836339478,-98.33053068986858,-0.01404,False,,False,0,,0,,27
117.369,70.55242946800001,0.839111328125,0.796142578125,-0.12255859375,-26.9618320610687,-6.1679389312977095,19.877862595419845,4446,945,32,8.397057630972906,-94.08016583535854,0.03456,False,,False,0,,0,,27
117.569,70.753668318,0.845703125,0.53564453125,-0.002197265625,50.01526717557252,39.541984732824424,-12.335877862595419,6626,5,1,3.008263685660406,-94.79016076186345,0.00108,False,,False,0,,0,,28
117.774,70.95514914900002,0.963623046875,0.218017578125,-0.001220703125,62.44274809160305,12.030534351145038,-13.83206106870229,7376,13,-1,1.1543208145666561,-97.76595430953775,-0.00108,False,,False,0,,0,,27
117.974,71.15661920299999,0.881591796875,0.2958984375,0.008056640625,55.57251908396946,29.16030534351145,2.16793893129771,9243,26,0,-3.460760972542719,-100.88066762585191,0.0,False,,False,0,,0,,28
118.174,71.358090721,0.638671875,0.6953125,-0.122802734375,85.2824427480916,6.717557251908397,-40.732824427480914,6370,-1666,0,3.641076185660406,-102.90928059319045,0.0,False,,False,0,,0,,28
118.379,71.55990375700003,0.890380859375,0.243896484375,-0.16259765625,53.46564885496183,19.083969465648853,-23.755725190839694,-2169,-71,-5,24.748833754019785,-100.65227656443184,-0.0054,False,,False,0,,0,,28
118.57900000000001,71.761568737,1.0185546875,0.470947265625,-0.164306640625,26.77862595419847,23.78625954198473,2.717557251908397,2209,511,11,13.926751234488531,-95.04906955531382,0.01188,False,,False,0,,0,,28
118.779,71.96324593999998,0.8740234375,0.313232421875,-0.073486328125,10.931297709923664,4.916030534351145,14.80916030534351,4163,286,0,9.096612074332281,-92.15014570473448,0.0,False,,False,0,,0,,28
118.98400000000001,72.16490042100003,0.83935546875,0.499755859375,-0.035400390625,17.0381679389313,9.34351145038168,16.244274809160306,6855,240,2,2.442193129019781,-93.33660149053726,0.00216,False,,False,0,,0,,28
119.184,72.366487533,0.94970703125,0.28173828125,-0.0009765625,29.46564885496183,6.564885496183206,6.3206106870229,7857,148,-2,-0.03467454676146889,-96.32931710300274,-0.00216,False,,False,0,,0,,28
119.384,72.56791386700002,0.970703125,0.253662109375,-0.03564453125,12.335877862595419,1.8931297709923662,1.5877862595419847,8296,45,-2,-1.1198491073083439,-99.50829208737007,-0.00216,False,,False,0,,0,,28
119.589,72.76948340500002,0.952392578125,0.2734375,-0.04052734375,0.7633587786259541,-0.549618320610687,-4.152671755725191,8939,0,0,-2.709296128792719,-101.9153940011948,0.0,False,,False,0,,0,,28
